id,titre,auteur,flair,score,upvote_ratio,nb_commentaires,texte,date_creation,url,image_url
1g86cza,Lol ,theGuy7376,Humour,12071,1.0,96,,2024-10-20T15:07:50,https://i.redd.it/o6ff550kmyvd1.jpeg,
1kbg3iv,"Merci, Président Tromme",engelk,Opinion,3950,0.96,264,,2025-04-30T09:10:17,https://i.redd.it/7unff240euxe1.jpeg,
1l3x1xq,Ô Canada...,MiserableQc,Humour,3000,0.7,516,,2025-06-05T07:42:54,https://i.redd.it/6u0swpc0j35f1.jpeg,
1k0lq21,Does Quebec want to become the 51 state of the USA?,poutine_not_putin,Humour,2699,0.97,345,Un peu de sourire à matin...,2025-04-16T10:25:59,https://i.redd.it/v3va9ayii7ve1.png,https://i.redd.it/v3va9ayii7ve1.png
1hvbk11,How to stop America from harassing Canada,LeGrandLucifer,Humour,2187,0.97,150,,2025-01-06T17:15:59,https://i.redd.it/34jkqma67gbe1.png,https://i.redd.it/34jkqma67gbe1.png
1jlhsif,The relationship Canada / United States is over,ProjectKainy,Vidéo,1486,0.94,336,,2025-03-27T20:00:04,https://v.redd.it/irywbszimbre1,
1231t9u,Fact,Ill-Breakfast2038,Opinion,1208,0.86,174,,2023-03-26T18:19:31,https://i.redd.it/7sxg9tf134qa1.jpg,https://i.redd.it/7sxg9tf134qa1.jpg
1j5b7u8,"Say the line, Trump!",Sudden_Specialist563,Humour,1128,0.99,42,,2025-03-06T19:54:41,https://i.redd.it/uy6jwjlzx4ne1.jpeg,
1iq8gzk,Il faut être plus fière de chez nous,ConfectionHonest2824,Humour,1113,0.99,38,C'est fou comment le Québec a fait des choses durant la première et deuxième guerre mondiale.,2025-02-15T13:59:33,https://i.redd.it/plukdi1nocje1.png,https://i.redd.it/plukdi1nocje1.png
1kg6o2n,Grand Theft Auto Québec,ProjectKainy,Culture,1009,0.91,94,,2025-05-06T11:01:03,https://i.redd.it/6wy4oabye6ze1.png,https://i.redd.it/6wy4oabye6ze1.png
1g5j1ea,Ce nest pas raciste de ne pas vouloir que les immigrants impose leur culture dans leur pays d'accueil,whitegoldens,Opinion,932,0.91,262,"Je suis immigrant, je comprend pas le concepte d'immigrer dans un pays et essayer de changer la culture du pays d'accueil. Quand tu te fais inviter chez quelqu'un, tu demande pas à l'autre de s'adapter, c'est à toi de changer. Bien sûr, ya pas de problème si tu pratique ta culture dans ton coin ou dans ta maison, mais faire des rassemblement et des grosses fete dehors en faisant du bruit et en dérangeant tout le monde, la ya problème.",2024-10-17T00:47:28,https://www.reddit.com/r/QuebecLibre/comments/1g5j1ea/ce_nest_pas_raciste_de_ne_pas_vouloir_que_les/,
1mtaxso,Les Québécois disent non aux prières de rues.,annettelabrunette,Vidéo,884,0.88,449,Manifestation contre les prières de rues à la Basilique Notre-Dame.,2025-08-17T23:20:24,https://v.redd.it/rirzc9rl4pjf1,
1m54pos,Les crevettes que vous aimez tant sont juste des cafards des océans.,cryptofan01,Humour,863,0.96,85,"
Pourquoi trouver dégueulasse les insectes terrestres mais s'empifrer des insectes marins? Sont de la même espèce. Les crustacés comme les homards, crevettes, crabes etc... ce sont des mangeurs de cadavres marins, littéralement les rapaces des océans.",2025-07-20T20:29:08,https://i.redd.it/x6rp9bhqg4ef1.jpeg,
1ig3kex,Vos avis sur le dernier tweet de Trudeau?,theGuy7376,Opinion,806,0.96,291,,2025-02-02T13:15:51,https://i.redd.it/bkpqxmtzorge1.jpeg,
124u9l2,Boukar Diouf,skatlols,Opinion,800,0.93,196,,2023-03-28T12:26:02,https://i.redd.it/5wy1rj2asjqa1.jpg,https://i.redd.it/5wy1rj2asjqa1.jpg
1j47w63,Excellent discours qui résume bien la situation géopolitique du point de vue Européen et qui explique pourquoi Trump parle du 51e États Américain.,ZeAntagonis,Actualité,759,0.98,154,,2025-03-05T12:03:19,https://v.redd.it/ltbijj6cbwme1,
119zzbn,Çà ressemble pas mal à ceci!,brolbo,Humour,746,0.96,103,,2023-02-23T10:10:54,https://i.redd.it/4c4xwokswzja1.jpg,https://i.redd.it/4c4xwokswzja1.jpg
1ije1io,👌,Pretty_Initiative517,Publicité,748,0.97,51,,2025-02-06T16:30:13,https://i.redd.it/f3j8tl6b7lhe1.jpeg,
1gbqwrg,Spotted in the Holocaust Museum: Early Warning Signs of Fascism,engelk,Photo,735,0.88,329,,2024-10-25T06:17:45,https://i.redd.it/li6txkyajtwd1.png,https://i.redd.it/li6txkyajtwd1.png
10nzq06,Sont partis dans l’Sud!,brolbo,Témoignage,728,0.98,56,,2023-01-29T00:17:32,https://i.redd.it/ici3vn45kyea1.jpg,https://i.redd.it/ici3vn45kyea1.jpg
18ooieq,Indeed...,Flashy-Net-9206,Humour,683,0.71,713,,2023-12-22T15:46:22,https://i.redd.it/02450xoxrw7c1.jpeg,
1hwt44l,MQGA,Flashy-Net-9206,Humour,672,0.93,77,,2025-01-08T14:49:54,https://i.redd.it/uz43rwizqtbe1.jpeg,
119f3se,"La semaine de 4 jours à été testée par les employeurs britanniques... qui ne reviendront pour l'écrasante majorité pas en arrière et la conserveront de manière permanente, tant le succès est phénoménal",,Discussion,666,0.98,205,,2023-02-22T16:58:11,https://i.redd.it/j10jv8ycauja1.jpg,https://i.redd.it/j10jv8ycauja1.jpg
1b0m8pn,I am no Québécois however this seems fitting,Forward-Kitchen6136,Humour,650,0.76,420,,2024-02-26T11:50:50,https://i.redd.it/kl54bmpulykc1.png,https://i.redd.it/kl54bmpulykc1.png
1cnn2ze,Quand les riches se plaignent d'être les victimes,LeGrandLucifer,Humour,589,0.91,171,,2024-05-08T23:00:45,https://i.redd.it/dfqs0xpggbzc1.jpeg,
1j0o6e2,Trudeau apporte son soutien à l'Ukraine suite à l'affrontement entre Trump et Zelensky,theGuy7376,Actualité,590,0.92,221,,2025-02-28T20:40:40,https://i.redd.it/q2j9gwz1gzle1.jpeg,
1iyt9q6,Islamophobie?,Massive_Bus_2919,Cacapoteau,585,0.68,845,,2025-02-26T12:40:02,https://i.redd.it/mqeocs3dsile1.png,https://i.redd.it/mqeocs3dsile1.png
10tpldf,Me suis commandé du Chinois!,brolbo,Humour,568,0.95,23,,2023-02-04T14:56:20,https://i.redd.it/ef9f8sbeq9ga1.jpg,https://i.redd.it/ef9f8sbeq9ga1.jpg
1ndwmyc,"Catherine Brunet, actrice chouchou de Radio-Canada, glorifie un assassinat",Exciting-Hour-8419,Actualité,544,0.72,746,,2025-09-10T21:56:17,https://i.redd.it/v4moyuknzfof1.jpeg,
1ataa3u,"The reality behind Canada's spike in car thefts, it's all third-world immigrants.",Lingenfelter,Discussion,542,0.72,392,,2024-02-17T14:38:36,https://i.redd.it/l4z37ssz26jc1.jpeg,
1mjvvex,Quel soutien de la France au Québec ?,LaVoixauChapitre,Humour,537,0.9,74,"Triste vérité ...

Pour soutenir la francophonie : [www.lavoixauchapitre.fr](http://www.lavoixauchapitre.fr)",2025-08-07T05:54:12,https://i.redd.it/7i6bq1vxkkhf1.jpeg,
1ih3fkv,Quand tu décides de prendre du A&W au lieu d’un mcdo,Sudden_Specialist563,Humour,533,0.98,86,,2025-02-03T18:28:09,https://i.redd.it/vg9958fmd0he1.jpeg,
103djgs,Dans 10 ans il va falloir donner 40% de tip et on va vous regarder croche quand même,Mere_Teresa,Discussion,525,0.94,190,,2023-01-04T15:08:27,https://i.redd.it/p5stwi9l23aa1.jpg,https://i.redd.it/p5stwi9l23aa1.jpg
1jfwy23,Prière islamiste à la place du Canada à Montréal | Alexa Lavoie commence à filmer les femmes qui prient à l'écart des hommes et les esprits s'échauffent,,Vidéo,513,0.79,591,,2025-03-20T15:14:34,https://v.redd.it/0h3gn9qb8wpe1,
1i6ir8n,NAZI,CHIC-CHOCS,Cacapoteau,507,0.77,500,,2025-01-21T08:38:17,https://v.redd.it/hleqkhtr9cee1,
17jk2ya,Je suis enseignant secondaire 2. Voici le problème et voici pourquoi on fait la grève,ShowIcy9501,Témoignage,493,0.92,388,"Lever à 6AM. Départ a 7AM. Cours à 8AM. Je suis à 100% de tâche donc trois cours en moyenne par jour. Parfois plus. 

Il y a les récups aussi le midi.

Il y a les réunions. La correction. Je dois monter mes cours, envoyer le tout à la photocophie.

Le soir, je dois répondre aux courriels, faire ce que je n'ai pas eu le temps de faire pendant la journée. Il m'arrive de terminer de travailler à 10h le soir. 

L'école finit à 15h15. je suis chez nous à 16h. Je finis de travailler à 18h si je suis chanceux. 20h la plupart du temps. 

Ça me fait des journées de 10-12 heures. Pas 100% occupé, j'ai des midis et des périodes de libre, mais en gros, je travaille pas mal. J'ai 250 copies qui me restent à corriger d'ici vendredi 4PM, vous pensez que je vais faire ça quand?

Ah oui, les sorties scolaires. Les appels de parents. Les rencontres avec la directions. Les nouveaux plans d'intervention. Les séminaires de perfectionnement. Et puis le nouveau cahier pour l'an prochain à choisir. Ai-je mentionné que j'ai trois cours à monter cette année? Parce que j'enseigne trois niveaux.

Qu'est-ce que je reçois par semaine pour mes efforts?

...

Après impôts, taxes et déductions, je reçois...

**... 550 $.**

That's it. 550 piastres net par semaine.

45,000 $ divisé par 12 mois, 3750 $ brut par mois, 865 $ par semaine. Enlève les déductions (10% RREGOP en passant), pis je dois vivre avec 2200 $ par mois. 

Divise ça par le nombre d'heures de fou que je fais (facilement 50 heures semaine. FACILEMENT) pis ça me fait un gros onze dollars nets d'impot dans mes poches de l'heure.

Je faisais FACILEMENT le double à mon ancienne job avant. FACILEMENT. Pis quand la journée finissait, j'y pensais pas. Pas de courriel paniqué de parents pcq sa fille a fait une crise de panique suivant un examen pis elle a besoin d'aide tu-suite. Pas de direction qui veut te rencontrer demain avant les cours parce qu'un étudiant en intimide un autre. Pas de présentation à faire ou de copies à corriger ou d'essais à lire.

Faque le 2% d'augmentation par année, tu sais où te le calisser... ""Wow, 900$ après impôts de plus par année! Presque $50 par mois de plus dans mes poches!!"" Pendant ce temps la, mon loyer à lui seule monte du même montant, pis je me considère chanceux qu'il monte juste de ça, parce que ailleurs c'est ben pire.

J'aime ma job pis j'aime enseigner mais j'arrive pu. Je pense lâcher. Ya pas une journée que j'ai pas le goût de toute crisser ça là pis retourner à mon ancienne job. Et pis mon ancienne job, c'était de quoi de ben ordinaire, un poste dans un bureau ben ordinaire à 25.50 $ de l'heure. Pis même eux m'offraient plus que 2% d'augmentation par année CALISSE.

Scusez gang, /endrant.",2023-10-29T23:11:38,https://www.reddit.com/r/QuebecLibre/comments/17jk2ya/je_suis_enseignant_secondaire_2_voici_le_problème/,
1cil6c1,Vue de même 🤷,ZeAntagonis,Opinion,476,0.65,321,,2024-05-02T13:15:23,https://i.redd.it/gvsc38fln0yc1.jpeg,
17r3wku,J'en ai plein le cul de me faire mentir pis de me faire exploiter,i_hate_quebec,Témoignage,470,0.86,528,"Je suis enseignant au secondaire. J'ai dû mettre $1,000 sur ma carte de crédit juste pour survive depuis le début de l'année. Je n'achète rien de luxueux (god forbids que des profs s'achètent de quoi de nice pour une fois), mais mon salaire ne me suffit pas à vivre. Je fais $2400 par mois. Mon loyer me côute 1400$, mon auto $750 (gas, paiement, assurance, entretien). Ça me laisse $250 par mois pour tout le reste - internet, cellulaire, bouffe, sorties. Je suis à la veille d'aller aux banques alimentaires.

Faque quand je vois le crotté des finances me sortir son budget  de marde, pis me faire dire que ""on a pas plus d'argent pour les employés de la fonction publique, contentez-vous de 2.2% par année d'augmentation alors que l'inflation réelle est de 10%+"" ben esti que ça me mets en crisse! Ils m'ordonnent carrément de la fermer pis de me coucher pis de continuer à vivre ma vie de merde! Pas mangé dans un resto depuis 1 an. Pas acheté un item en haut de $50 depuis l'an passé. On oublie ça les voyages pis on oublie ça les vacances. Je dois m'acheter des coupons au costco pour me payer un cinéma de temps en temps. Je conduis une auto de 2008. J'ai pas de maison pis j'en aurai jamais crisse.

&#x200B;

Faque me faire dire que ""bah la situation est dure, le gouvernement on est serré"" JE MEN CALISSE QUE VOUS SOYEZ SERRÉS. C'est pas mon problème. Pis me faire dire ""10.2% sur cinq ans (alors que les policiiers refusent 21% sur 5 ans pis qui gagnent dejà bennnn plus que moi avec moins d'éducation), soyez de bons con-citoyens pis prenez le pis aller travailler pis servez la population"" BEN FUCK YOU OSTI. FUCK YOU. J'en ai plein mon osti de cul. Pu capable d'à peine survive, de payer des impôts de malade, $1.50 le litre qui est juste en taxes pour un osti de gouvernement de marde qui rit de moi pis qui se vote 30% d'augmentation en UNE année.

Je m'en fous des grèves pis du reste. I'm done. Même 20% sur 5 ans c'est pas assez pour contrer l'inflation. Pis le syndicat qui nous niaise pis qui attend pour faire une grève générale, POURQUOI OSTI. PIs je suis pas le seul dans cette situation là pis je le sais pis chus écoeuré solide

Fuck it sorry, /endrant",2023-11-08T22:27:32,https://www.reddit.com/r/QuebecLibre/comments/17r3wku/jen_ai_plein_le_cul_de_me_faire_mentir_pis_de_me/,
1f7l89x,"En Allemagne, une femme est harcelée parce qu'elle ne porte pas de hijab. J'comprends pas, c'est pas censé être son choix ?",,Vidéo,471,0.85,251,,2024-09-02T19:28:22,https://v.redd.it/mgoegxcf5fmd1,
12dldwh,"Hydro-Québec en mode ""sauvage"" sur Twitter!",rockdarko,Actualité,468,0.98,99,,2023-04-06T10:04:26,https://i.redd.it/5r8yqvw7bbsa1.png,https://i.redd.it/5r8yqvw7bbsa1.png
1j4w9uq,Quiconque défend encore Trump et son administration est un calisse de traître.,citronresponsable,Opinion,470,0.89,236,,2025-03-06T09:09:58,https://i.redd.it/iv625mijm2ne1.png,https://i.redd.it/iv625mijm2ne1.png
1h56o56,"""israeli food"" 🤡",HLTVDoctor,Photo,458,0.88,128,"Tabarouette man, ça leur suffisait pas de faire passer la cuisine Palestinienne pour la leur",2024-12-02T16:42:06,https://i.redd.it/i1un31s99i4e1.jpeg,
111nver,Siboire !,brolbo,Témoignage,447,0.95,100,,2023-02-13T18:45:09,https://i.redd.it/mgvws7af33ia1.jpg,https://i.redd.it/mgvws7af33ia1.jpg
1k81mlf,Donc on doit effacer ce signe catholique mais les prières musulmanes en pleines rues sont corrects??,Smartpen001,Actualité,440,0.84,320,"Le Québec, un nation qui crée sa propre disparitition. Un peuple mou et à plat ventre. Une culture qui s'autoefface.

Respecter sa propre tradition, on qualifie ça un ''accident'' maintenant.

La Révolution tranquille a fait place à la Mort tranquille.",2025-04-25T21:42:00,https://i.redd.it/ku8h41ac33xe1.jpeg,
1jnh1ok,L'Islam n'est pas compatible avec le Québec,ProfilSecret,Opinion,433,0.79,465,,2025-03-30T13:03:58,https://www.reddit.com/r/QuebecLibre/comments/1jnh1ok/lislam_nest_pas_compatible_avec_le_québec/,
1lrs5ln,Juste un rappel de la part d’un musu québécois,nippletwister27,Témoignage,436,0.79,534,"Je suis un musulman québécois issue de parents immigrants. Je suis aussi un médecin et un entrepreneur. Ma femme est une chirurgienne et elle est aussi musulmane. 

Je suis aucunement un cas unique et il y a plusieurs québécois d’origine immigrante musulmans qui occupent des postes utiles à la société Québécoise. 

Je pense que c’est facile de généraliser et de laisser parler des stéréotypes. Par contre, ça crée un tableau irréaliste où l’individu à la peau matte et aux cheveux bruns devient une cible même s’il respecte la loi et qu’il bénéficie sa communauté.

À lire les publications dans ce groupe, c’est à croire que tous les immigrants foncés du tiers monde contribuait à la destruction du Québec quand dans mon expérience personnelle c’est plutôt le contraire de ce qui se passe actuellement. ",2025-07-04T16:09:05,https://www.reddit.com/r/QuebecLibre/comments/1lrs5ln/juste_un_rappel_de_la_part_dun_musu_québécois/,
11dg3l1,Rien à ajouter!,brolbo,Humour,419,0.96,17,,2023-02-27T11:33:59,https://i.redd.it/7ro5bvb9vska1.jpg,https://i.redd.it/7ro5bvb9vska1.jpg
1n4kj6r,Le Québec n’a jamais consenti aux seuils d’immigration que le Canada lui impose. L'abus de pouvoir a assez duré.,Real_BobGratton,Discussion,411,0.83,128,,2025-08-30T23:32:21,https://i.redd.it/ew6yu0uiy9mf1.jpeg,
1fo0dwd,Les réactions sur les réseaux sociaux sur le décès du jeune de 19 ans...,francis2395,Discussion,404,0.92,291,"Il y a quelques jours, un groupe de jeunes (parmi eux Rassim Ladjrafi) ont agressé un homme de 27 ans dans les rues de Montréal dans le but de le voler. L'homme s'est défendu avec un couteau et Rassim a succombé aux blessures. (https://www.tvanouvelles.ca/2024/09/22/lhomme-de-19-ans-poignarde-hier-soir-dans-mhm-est-decede)

C'est une triste histoire et ça devrait servir d'opportunité de sensibilisation aux jeunes qui entrent dans la criminalité et la délinquance... MAIS NON!! Sur Facebook, des centaines et des centaines de commentaires de la communauté Maghrébine pleure sa mort et le perçoit en victime. Sans compter tous les ""C'était un jeune homme respectueux qui ne ferait pas de mal à personne"" et bla bla bla.

Pu capable. 



",2024-09-23T20:58:49,https://www.reddit.com/r/QuebecLibre/comments/1fo0dwd/les_réactions_sur_les_réseaux_sociaux_sur_le/,
1ilkezi,On a besoin de ça au Québec,Kittypampas,Discussion,407,0.98,57,,2025-02-09T12:46:51,https://i.redd.it/xqr9rgqgh4ie1.jpeg,
1nhy38b,Martin Petit a raison,cryptofan01,Opinion,407,0.68,538,"Les universités et CÉGEP du Quebec sont ben trop à gauche pour inviter des conservateurs dans un débat. impossible qu'on ait la même liberté d'expression qu'aux USA ici.

Ici y aurait trop de petit wokes de 20 ans qui croient tout savoir de la vie et qui feraient une crise de bacon auprès de la direction de leur établissement pour que l'invité ""droitiste"" soit cancellé.",2025-09-15T17:02:40,https://i.redd.it/8ih63dvu7epf1.jpeg,
1d939h3,Basé,Dudu-gula,Photo,408,0.8,154,,2024-06-05T18:48:43,https://i.redd.it/efityxh21u4d1.png,https://i.redd.it/efityxh21u4d1.png
17ea3y2,Bye Bye Justin,Lingenfelter,Actualité,399,0.65,408,,2023-10-22T22:34:20,https://i.redd.it/kevo8a6d6vvb1.jpg,https://i.redd.it/kevo8a6d6vvb1.jpg
1gan1s4,Suis-je le seul à voir un problème avec cette photo? Je pensais que le Québec s'était affranchi de l'endoctrinement religieux des enfants.,Tupil,Photo,396,0.79,444,,2024-10-23T18:17:50,https://i.redd.it/nughgxm5zkwd1.jpeg,
1145o1j,Photo !,couillesmolles,Humour,392,0.99,4,,2023-02-16T19:20:44,https://i.redd.it/bb8crr8iooia1.jpg,https://i.redd.it/bb8crr8iooia1.jpg
1fs82mt,Maudit que j'aime les étudiants étrangers qui arrachent les affiches communistes,Burgy_LeGrand,Humour,387,0.82,321,,2024-09-29T12:16:16,https://i.redd.it/upwj4t0twrrd1.jpeg,
1arncdk,ArriveScam,ProjectKainy,Vidéo,384,0.88,93,,2024-02-15T14:08:52,https://v.redd.it/tnpn3fokssic1,
1hh6lik,"Trump, après avoir annexé le Canada, réalise qu'il doit maintenant composer avec les Québécois.",Cheap_Ad_4508,Humour,386,0.94,69,,2024-12-18T12:22:47,https://i.redd.it/ihwtqz95om7e1.jpeg,
115i4mq,Fuck Netflix,Alex_Hauff,Opinion,389,0.88,171,"Je suis abonné depuis 2014, je viens d’annuler l’abonnement.

Crave here i come.

Le tabarnakos font des B’s en profits et ils veulent nous faire chie avec le password sharing (leur slogan était « sharing is caring »)


De plus ils imposent ça au Canada et l’amerique Latine, woooow on touche pas aux USofA il faut tester sur les kobai.

Donc la mer des pirates si jamais Netflix mets des séries qui valent la peine et non pas de time wasters du type « ya rien je vais essayé ça » (rinse and repeat).

Bienvenue à mon TedTalk restez au chaud et bonne chance pour votre chalenge Hilo",2023-02-18T10:43:39,https://www.reddit.com/r/QuebecLibre/comments/115i4mq/fuck_netflix/,
zapbox,C'est toujours la faute des autres,,Humour,379,0.91,156,,2022-12-02T10:38:50,https://i.redd.it/fwlq2c4h8i3a1.jpg,https://i.redd.it/fwlq2c4h8i3a1.jpg
m8t8qn,Des fois on trouve des bonnes choses sur internet...,XgregocyroX,Humour,380,0.98,89,,2021-03-19T18:44:15,https://i.redd.it/17cv7uelc2o61.jpg,https://i.redd.it/17cv7uelc2o61.jpg
1ao8nde,Du Vent,QuikAuxFraises,,382,0.79,130,,2024-02-11T09:03:34,https://i.redd.it/gbofkx6kqyhc1.jpeg,
11xoir6,Comment ont appelle ça?,brolbo,Témoignage,381,0.94,241,,2023-03-21T13:50:19,https://i.redd.it/hgkw1oox86pa1.jpg,https://i.redd.it/hgkw1oox86pa1.jpg
1j3fv6l,Trudeau parle de guerre commerciale lancée par les États Unis,theGuy7376,Opinion,378,0.94,185,,2025-03-04T12:14:06,https://i.redd.it/r23jk5pbhpme1.jpeg,
xxylui,Présenté comme tel.,,Culture,374,0.87,266,,2022-10-07T09:03:18,https://i.redd.it/93buwrzotds91.png,https://i.redd.it/93buwrzotds91.png
18q7moc,C’est ou c’est rendu n’importe quoi le Canada ?,Key_Giraffe9329,Vidéo,373,0.8,491,Dans bien des pays se faire arracher son drapeau de ses mains serait impensable! L’immigration et le multiculturalisme va mener le Canada comme les USA tout le monde diviser ect .. yer temps qu’on s’en va du Canada !,2023-12-24T19:31:28,https://v.redd.it/0fsad5bv5c8c1,
114p3tv,Quand tu penses que ton bus arrive,SimplyHuman,Humour,374,0.94,19,,2023-02-17T10:42:58,https://v.redd.it/dexixatfrria1,
1nlqash,"Rue Ste Catherine, Montréal",cryptofan01,Photo,369,0.74,299,"Les amies à Valérie Plante.
",2025-09-20T01:55:47,https://i.redd.it/vzlf6z7me9qf1.jpeg,
1akg9ro,Kazakhstan will surgically remove paedophiles' genitals under new draft law after complaints that chemical castration was not harsh enough,ReprsntRepBann,Actualité,371,0.94,113,,2024-02-06T13:10:45,https://www.dailymail.co.uk/news/article-13050789/Kazakhstan-surgically-remove-paedophiles-genitals-new-draft-law-complaints-chemical-castration-not-harsh-enough.html,
11o1dub,On m'a littéralement dit que j'étais l'ennemie de l'humanité alors que je fais juste porter des robes.,Felixe-Chan,Discussion,369,0.74,407,,2023-03-10T16:27:32,https://i.redd.it/vwi04k5ybzma1.png,https://i.redd.it/vwi04k5ybzma1.png
1npf8eg,54 % des Québécois sont favorables à l'interdiction des prières de rue.,Busy-Special92,Vidéo,368,0.94,65,"Selon un sondage de TVA nouvelles, 68% des Québécois trouvent que la laïcité de l'État est important.

Les citoyens et les commerçants réclament l'intervention de la ville... Valérie Plante est où? Les candidats à la mairie?",2025-09-24T11:29:31,https://v.redd.it/rnlxwt2ms4rf1,
1lsyqif,Québécois ont vécu l’enfer,Gold-Technology-4209,Opinion,365,0.92,123,"Je suis musulman fils d’immigrant. J’ai toujours vu les québécois anti religion et pro laïcité. Je me sentais toujours attaqué par ça, que j’étais la cible. C’est vrai je le suis et ma communauté aussi par certains. Cependant, dernièrement je me suis intéressé plus profondément à l’histoire des québécois.

Finalement, au Québec, la religion a écrasé le peuple et l’a réduit au silence pendant 300 ans. Les grands et arrières grands parents ont vécu l’enfer dû à l’église. Et la révolution tranquille c’était une VRAI libération de ce système sordide. 

C’est là que j’ai compris que voir le retour de la religion (islam ou autre) c’est voir l’histoire se répéter.

Oui on demande aux québécois de comprendre les musulmans et d’être ouverts, mais c’est super important que les musulmans et autre religion comprennent cette histoire au Québec! Voir un voile c’est voir l’oppression vécu pendant 300 ans. (Ma mère et ma sœur le portent)

Aussitôt que j’ai compris ce trauma, j’ai plus de compassion et de patience. C’est aux musulmans aussi de rassurer ce peuple que l’histoire ne se répétera pas. Et je vous assure que la majorité des musulmans se sont échappés de ça et ne veulent pas la restaurer ailleurs. Il y a une minorité extrême comme partout.

Bonne journée!",2025-07-06T07:12:41,https://www.reddit.com/r/QuebecLibre/comments/1lsyqif/québécois_ont_vécu_lenfer/,
1e0u193,C’est ça r/QuebecLibre?,JevNOT,Question,363,0.79,275,"Moi j’suis fan de l’histoire du Québec, depuis les racines des Canadiens Français jusqu’aux grandes paroles de René Lévesque en passant par la révolution tranquille et Elvis Gratton pis j’suis pas mal déçu de ce qu’est ce subreddit. Y’a tellement peu de pensées pour le nombre de commentaires débiles et répétitifs « oh les musulmans, oh les gays, oh les immigrants… » on a compris Olivier t’es Xénophobe. Ça discute tellement pas de l’état du Québec, du rêve québécois, de questions comme la nationalisation de nos ressources, comme le parti libéral (dans le temps où RL en faisait parti) le faisait. C’est presque que des posts réactionnaires fait pour alimenter juste plus de mécontentement et de haine envers les autres et rien d’autre. J’dis pas que y’a que d’la marde ici, juste que come on, ça vous tente pas de parler du Québec pis de comment vous voulez le voir progresser?",2024-07-11T13:07:18,https://www.reddit.com/r/QuebecLibre/comments/1e0u193/cest_ça_rquebeclibre/,
1ijbzdf,C'est officiel: Trump interdit les trans dans les sports féminins,Smartpen001,Actualité,363,0.79,447,"Qu'est-ce que le Québec attend pour faire la même chose?

https://x.com/POTUS/status/1887323482406392155?t=5dV0cYj18lxXW61SfeflgQ&s=19

*OMG mais c'est contre les droits des trans!*

Ce n'est pas une question de droits, puisque PERSONNE n'a besoin de faire des compétitions sportives pour vivre. C'est littéralement du loisir.

Les femmes athlètes par contre ont le droit de pratiquer leur sport sans être obligées de perdre automatiquement contre des hommes, voire pire, risquer de se prendre [un coup de poing d'homme en pleine face](https://www.tvanouvelles.ca/2023/10/31/elle-se-retire-dun-combat-de-boxe-en-apprenant-par-hasard-que-son-opposante-est-trans) justebau nom de la diversité.

Où sont les féministes de la Fédération des femmes du Québec qui chialent non-stop contre la violence masculine, mais qui se cachent dès que cette violence masculine [s'identifie en femme](https://www.lapresse.ca/actualites/justice-et-faits-divers/2024-12-20/condamnee-pour-un-triple-meurtre/ballouz-sera-t-elle-detenue-a-vie-dans-un-penitencier-pour-femmes.php)?
",2025-02-06T15:07:05,https://i.redd.it/l1a979ihskhe1.jpeg,
1ihrosi,Premier Candidat sérieux au poste de TSAR du Fentanyl à la frontière Canadienne.,brolbo,Humour,362,0.98,25,,2025-02-04T15:33:06,https://i.redd.it/fu4mj8yan6he1.jpeg,
1igywvc,Join the EU!,engelk,Discussion,363,0.87,106,,2025-02-03T15:22:00,https://i.redd.it/ju2tosj2ryge1.jpeg,
1j2utyx,Quoi de mieux qu'un voile islamique pour célébrer la journée internationale des femmes !,,Humour,363,0.81,283,,2025-03-03T17:04:24,https://i.redd.it/4cr6j6f7sjme1.jpeg,
1i2wqve,"Bonjour, je viens pour ma prescription",ProjectKainy,Vidéo,356,0.96,31,,2025-01-16T14:14:26,https://v.redd.it/cl3wd3trnede1,
1f6kz4z,Vandalisme à l'Université McGill,ProjectKainy,Vidéo,349,0.79,619,,2024-09-01T14:11:29,https://v.redd.it/tyqgygsqn8md1,
1dn5p7p,Qu'est qu'il se passe a Montreal?,rdogg_82,Vidéo,347,0.78,408,,2024-06-24T01:09:05,https://v.redd.it/3y6d4hprwf8d1,
1j0fdn4,Je vient de recevoir mon augmentation de loyer voilà comment je les imagines :,KI1lT,Humour,348,0.92,91,,2025-02-28T14:00:15,https://i.redd.it/84usbu5mgxle1.jpeg,
1kbsttv,Ma grand-mère écoute tellement LCN que le logo est imprégné dans sa TV,Elittto_,Témoignage,342,0.99,105,Ça a tu du bon sens?,2025-04-30T18:06:51,https://i.redd.it/i8l0cafip1ye1.jpeg,
112av64,"je croyais que r/QuebecLibre était un affaire souverainiste, mais ça a plus l'air d'un fuck fest conservateur.",,Discussion,346,0.81,372,,2023-02-14T12:23:56,https://www.reddit.com/r/QuebecLibre/comments/112av64/je_croyais_que_rquebeclibre_était_un_affaire/,
1gvoqvj,«Au moins c'est gratuit» ou tabarnak que nos standards sont bas.,Euphoric_Ad6923,Discussion,340,0.92,144,"Pas capable d'avoir une discussion avec des amis, collègues, ou de la famille à propos des problèmes de santé que ma conjointe a depuis sa césarienne sans avoir cet osti de non-réponse. 

C'est pas gratuit, on paye pour. La différence c'est qu'icite on paye pour pis après on reçoit un service de marde et on se fait dire qu'on devrait remercier le service de marde qu'on paye toute notre vie. 

Je ne veux pas faire d'arguments sur la privatisation ou le système qu'on a présentement, c'est comme le problème qui survient a chaque fois qu'on chiale sur le système. Le monde se mette en tête que si tu chiales c'est parce que tu veux du changement, pis oui, en parti, mais le changement que je veux c'est pas de tout décrisser par terre et reconstruire, osti j'veux juste un médecin qui prend 2 minutes pour donner une vraie réponse au lieu du niaisage actuel. 

Mise en context: Ma femme a donner naissance a nos jumeaux récemment, césarienne malheureusement. Depuis, on est constamment a l'hopital car elle fait des infections ou elle a des douleurs qu'ils n'arrivent pas a expliquer. 

Le médecin de famille? Pas fucking possible de rencontrer. La job de la secrétaire c'est de raccrocher le plus rapidement possible, pas de prendre des rendez-vous. Je me présente en personne pour me faire dire que madame doit être là pour prendre un rendez-vous. On y va ensemble on se fait dire qu'elle prend juste les rendez-vous par téléphone. 

On commence a s'impatienté parce qu'elle nous niaise clairement, elle pointe l'affiche que les échanges doivent être fait dans le respect pendant qu'elle nous traite pratiquement de cave. 

Ok, fuck it, on va a l'urgence. 

Première fois, le médecin dit que c'est juste des contractions ralentis. Ma femme leur dit qu'elle sait c'est quoi une contraction, mais que là ça brûle pis elle fait de la fièvre. Nope, retourner a la maison. 

Deuxième fois, ils l'admettent car elle fait de la fièvre pis ça ne fait pas de caliss de bon sens. Après deux jours ils lui donnent une prescription de pilules pis y check s'ils auraient pas oublié un peu de placenta a l'intérieur. 

Après une semaine, pu de pilule, l'infection recommence. 

On retourne, le doc dit que ça fait pas de bon sens, il comprend pas pourquoi y'on fait ça. Donne une autre pilule pète pis répète sont en bateau...

On rencontre une autre doc (rendez vous normal pour les enfants) on en profite pour mentionner l'infection. La doc est complètement abasourdit, elle ne comprend pas qu'après autant de temps sa césarienne cause encore des problèmes. Elle dit qu'elle va en parler avec son collègue et nous céduler un rendez-vous d'urgence. 

...

5 jours plus tard on appel et la doc est en vacance. NON MAIS TABARNAK. 

Faque ce matin on va au sans rendez-vous encore avec nos des bébés tous neufs entouré d'monde qui tousse pis qui n'ont toujours pas compris c'est quoi du purell. Haha, bonne blague le purell, même l'hôpital le remplis pu tabarnak.

Mais osti, au moins c'est gratuit! pfft",2024-11-20T07:49:56,https://www.reddit.com/r/QuebecLibre/comments/1gvoqvj/au_moins_cest_gratuit_ou_tabarnak_que_nos/,
1mzc8pq,"""Non aux prières de rues"". Les citoyens étaient au rendez-vous (et pas les islamistes).",annettelabrunette,Vidéo,338,0.85,306,,2025-08-24T20:27:31,https://v.redd.it/t5jn3z6a82lf1,
1dyolfr,Trudeau a détruit le Canada ,Smartpen001,Analyse,343,0.75,284,,2024-07-08T20:16:26,https://i.redd.it/wkqtodwnc6bd1.png,https://i.redd.it/wkqtodwnc6bd1.png
1jpwxo4,Incroyable mais vrai: une vidéo montre des Canadiens qui s’apprêtent à revoter pour les Libéraux en 2025,Time-Glass3681,Humour,335,0.69,209,,2025-04-02T15:07:55,https://v.redd.it/oz7mvm220hse1,
1dq0djc,Une excellente caricature d'André-Philippe Côté ,,Humour,337,0.82,249,,2024-06-27T15:51:45,https://i.redd.it/syj7uaak569d1.png,https://i.redd.it/syj7uaak569d1.png
1g86xnb,Les hosties d'appels sur haut-parleur dans les lieux publics,Alternative_Watch516,Discussion,335,0.9,154,"Quelqu'un peut m'expliquer pourquoi des gens (principalement d'une certaine communauté) parlent au téléphone sur haut-parleur dans les magasins?

Ça en devient franchement dérangeant, et ces gens-là ne s'en rendent pas compte. Fais tes achats, décrisse chez vous et passe tes appels de la maison. 

Même au volant, c'est rendu récurent de les voirs jaser au tel pendant qu'ils sont à 80 dans la voie de gauche sur l'autoroute. 

J'tu le seul qui a remarqué ça?
",2024-10-20T15:32:36,https://www.reddit.com/r/QuebecLibre/comments/1g86xnb/les_hosties_dappels_sur_hautparleur_dans_les/,
1iaenzp,Boycott américain,,Discussion,336,0.81,154,"On se fais pisser dessus par les États Unis et leurs multinationales.
J’encourage un boycott total de tout produits Américains, trouvez une alternative local et remplacez vos habitudes. 
À l’épicerie maintenant je n’achète plus de produits en provenance des usa.
J’ai annulé mon Amazon prime/prime video 
J’ai supprimé mon compte Instagram/facebook 

Fucking tanné de ce pays de marde
On a rien à leur envié et on sera gagnant sur toutes la ligne si on se tient les coudes et qu’on priorise l’économie local.",2025-01-26T08:34:46,https://www.reddit.com/r/QuebecLibre/comments/1iaenzp/boycott_américain/,
1n2iqsn,Paul St-Pierre Plamondon se dit favorable à l’interdiction des prières de rue au nom de la paix sociale,MainDifficulty,Vidéo,329,0.94,182,,2025-08-28T13:34:16,https://v.redd.it/7j6ig6m8qslf1,
1jvuknq,Cest la faute des tarifs !!? C'est sa ?,XxQc_BuRRxX,Humour,325,0.75,244,,2025-04-10T06:25:10,https://i.redd.it/quc6p3c3izte1.jpeg,
1hclyws,Nearly half of Canadians favour mass deportations and 65% think there are too many immigrants: poll,Poune84,Sondage,326,0.91,70,,2024-12-12T09:13:43,https://nationalpost.com/news/nearly-half-of-canadians-favour-mass-deportations-and-65-think-there-are-too-many-immigrants-poll,
1lb4gr6,La vie des reactionnaires:,Ill-Ad3660,Humour,313,0.78,230,,2025-06-14T05:14:29,https://i.redd.it/pb8e2bdq0v6f1.jpeg,
1d4bigb,"La meilleure image qui illustre ""Queers for Palestine""",Smartpen001,Photo,319,0.61,361,,2024-05-30T14:57:36,https://i.redd.it/wrdy63yc2m3d1.jpeg,
1iii729,Lol: le JDM part en croisade contre les tarifs de Trump,Smartpen001,Humour,313,0.89,184,,2025-02-05T14:17:28,https://i.redd.it/9asdb9ipedhe1.jpeg,
1i7c3e4,Ne sautons pas aux conclusions,engelk,Humour,314,0.75,344,,2025-01-22T09:18:12,https://i.redd.it/1pqh9juzhjee1.png,https://i.redd.it/1pqh9juzhjee1.png
1c9l29t,Customer attempts to stop a liquor store robbery. Guy filming shouts “Let em go”. Owner said they got away with over $3000 worth of alcohol. (Canada) ,padabrodeur,Vidéo,317,0.91,442,,2024-04-21T11:45:59,https://v.redd.it/ay7cxvzrwtvc1,
1i4khdi,🇵🇸🇵🇸🇵🇸,Total_Success,Discussion,313,0.69,283,,2025-01-18T18:30:27,https://i.redd.it/77iz2x3g7ude1.jpeg,
1i4yjbt,"Au Québec, une vendeuse de Walmart devient l'héroïne de la défense du français",Bakyumu,Actualité,314,0.93,87,,2025-01-19T08:34:20,https://youtu.be/kkewnRjhzjU?si=_efbAFrcxxuWzgMR,
y7r8ms,Le Québec (CAQ) dans le Washington Post,ProjectKainy,Opinion,314,0.94,163,,2022-10-18T23:12:32,https://i.redd.it/ufm2s5j4jou91.png,https://i.redd.it/ufm2s5j4jou91.png
10q6deq,Oubliez jamais l’historique de celui qui vous traite de raciste sans même vous connaître,Josh_3177,Humour,309,0.73,179,,2023-01-31T13:22:57,https://i.redd.it/yu10ky73qgfa1.jpg,https://i.redd.it/yu10ky73qgfa1.jpg
11s6z4t,Qui enlève ses pneus d’hiver aujourd’hui?,Spiritual_Elk_9483,Humour,305,0.95,101,,2023-03-15T15:43:07,https://i.redd.it/c7chlwalzzna1.jpg,https://i.redd.it/c7chlwalzzna1.jpg
112x51c,Au resto.,couillesmolles,Humour,305,0.95,21,,2023-02-15T07:42:44,https://i.redd.it/mn0jure23eia1.jpg,https://i.redd.it/mn0jure23eia1.jpg
1hxx2vo,Bravo Québec. ,route_132,Vidéo,305,0.98,60,"Je suis présentement à LA, je crois que je vais aller faire flotter un drapeau du Québec devant eux sur la plage! ",2025-01-10T00:11:25,https://v.redd.it/1qubahz1o3ce1,
11stg7m,"On pourrait aussi remplacer ""woke"" par ""trans"" ;)",BBAALLII,Humour,303,0.7,271,,2023-03-16T08:58:40,https://i.redd.it/rv5qtcec45oa1.jpg,https://i.redd.it/rv5qtcec45oa1.jpg
1kartjn,Il aura au moins eu raison sur quelque chose.,-Mystica-,Humour,303,0.88,121,,2025-04-29T12:12:37,https://i.redd.it/o79bht8etsxe1.png,https://i.redd.it/o79bht8etsxe1.png
1df94hz,Une trans qui voulait compétitionner contre les femmes aux J.O. a perdu sa cause,Smartpen001,Actualité,306,0.74,351,"Lia Thomas, un homme devenu femme, est en furie. Il/elle a perdu son procès contre World Aquatics qui l'avait exclu des compétitions féminines vu sa puberté mâle.

*World Aquatics avait alors décidé de créer une « catégorie ouverte » pour les transgenres s’ajoutant aux épreuves féminines et masculines, tout en limitant ses catégories féminines aux nageuses devenues femmes AVANT la puberté -- un critère également adopté par l’Union cycliste internationale (UCI) et par World Athletics.*

Mais Lia Thomas voulait absolument compétionner contre des femmes aux Jeux Olympiques, en affirmant qu'une interdiction en ce sens serait ""discriminatoire à son égard en violation de la Charte olympique, de la constitution de World Aquatics et de la loi suisse"".

Sauf que le Tribunal arbitral du sport (TAS) en a décidé autrement. Lia Thomas ne pourra donc plus nager avec les femmes. World Aquatics s'est réjoui de cette décision en déclarant que cela ""constitue selon nous une avancée majeure dans nos efforts pour protéger le sport féminin"".

https://www.ouest-france.fr/sport/natation/natation-la-nageuse-transgenre-lia-thomas-deboutee-par-le-tas-elle-ne-nagera-plus-avec-les-femmes-945d7c74-28f9-11ef-98cf-40d5bb3b7742

https://amp.theguardian.com/sport/article/2024/jun/12/transgender-swimmer-lia-thomas-out-of-olympics-after-losing-legal-battle-swimming",2024-06-13T16:40:09,https://i.redd.it/nft0ykofhe6d1.jpeg,
1hppyqz,Mon beau-frère est tanné j'y parle d'immigration,thefartballoon,Discussion,300,0.77,131,"Mais côlice y faut que j'y en parle c'est plus fort que moé. On était à notre 3ème souper de famille pis j'tais en train d'y parler des Indiens qui débarquent à pelleté, asti y m'écoutait même pu. Monsieur voulait parler de son nouveau char. Une Ford Fiesta. Une FIESTA! J'étais en beau criss. J'y ai dit eille c'est pas la fiesta esti y a des immigrants qui débarquent à pelle. Faut les renvoyer chez eux! Y était fatiguant mon beau-frère, y'a essayé de changer de sujet 5 fois. Moé ça me tentait pas de changer de sujet s'tu clair? En tout cas je le revois le 31 pis j'me pépare déjà à y refaire la même cassette.",2024-12-30T10:44:19,https://www.reddit.com/r/QuebecLibre/comments/1hppyqz/mon_beaufrère_est_tanné_jy_parle_dimmigration/,
1gcw00s,Pretty much accurate ha!,theGuy7376,Photo,304,0.9,34,,2024-10-26T17:58:07,https://i.redd.it/iv1s35mea6xd1.jpeg,
104h8ju,Tiens Sti👍🏼,brolbo,Culture,297,0.94,98,,2023-01-05T20:49:45,https://i.redd.it/ehfxofq3edaa1.jpg,https://i.redd.it/ehfxofq3edaa1.jpg
1m1egaj,Interdire l'Islam c'est préserver notre culture,ProfilSecret,Opinion,292,0.74,139,"**Le Conseil des Imams du Québec défend les crimes d'honneur**, c'est-à-dire de tuer ses enfants pour leur avoir fait honte.

[Hamza Chaoui](https://information.tv5monde.com/international/quebec-un-imam-controverse-au-coeur-dune-polemique-22604), un imam de Montréal, veut qu'on coupe les mains des voleurs et qu'on lapide les adultères.

**L'Islam est simplement incompatible avec notre démocratie.** [Le Centre Culturel Islamique de Québec est contre notre Charte des valeurs.](https://cciq.org/2013/09/26/le-centre-culturel-islamique-de-quebec-contre-la-charte-des-valeurs/?utm_source=chatgpt.com)",2025-07-16T10:44:43,https://www.reddit.com/r/QuebecLibre/comments/1m1egaj/interdire_lislam_cest_préserver_notre_culture/,
1kuw6u8,Des étudiants internationaux du Collège LaSalle à Montréal protestent contre l'exigence de maîtriser le français (niveau NCLC 8 ou B2) pour obtenir leur diplôme et accéder au permis de travail postdiplôme (PTPD) au Québec.,MainDifficulty,Vidéo,300,0.78,378,,2025-05-25T02:45:05,https://v.redd.it/1vamo4cujv2f1,
1j7zum2,"Carney, notre sauveur.",JacksTDS,Discussion,297,0.7,181,,2025-03-10T10:26:35,https://i.redd.it/eye1fkwlnqne1.png,https://i.redd.it/eye1fkwlnqne1.png
1llxayt,"Voici une photo de Mohamed, je mérite maintenant la peine de mort dans une dizaine de pays pour cette publication",Anti-Islam101,,296,0.66,333,,2025-06-27T11:49:31,https://i.redd.it/7unb03x1rh9f1.jpeg,
1kvpzz0,Les Québécois font danser les Japonais. Notre musique traditionnelle pourrait faire bouger n'importe qui sur cette planète!,Real_BobGratton,Culture,292,0.97,29,,2025-05-26T05:15:38,https://v.redd.it/92ujzd3df33f1,
1f8tuyh,Le fait que le post d'hier sur les stalkers à la piscine ait été supprimé par Reddit est alarmant,,Discussion,296,0.84,233,"Le post: https://www.reddit.com/r/QuebecLibre/comments/1f7ten8/removed_by_reddit/  
  
""Removed by reddit for viloating the content policy"".
Sur la photo, on voyais simplement 5 personnes stalker du monde à la piscine.",2024-09-04T09:51:25,https://www.reddit.com/r/QuebecLibre/comments/1f8tuyh/le_fait_que_le_post_dhier_sur_les_stalkers_à_la/,
1hqgx7w,Déclin de la population blanche au Canada ,rocketmkfx,Analyse,288,0.61,661,,2024-12-31T10:26:04,https://i.redd.it/dj0fdwfmc7ae1.png,https://i.redd.it/dj0fdwfmc7ae1.png
1gm9612,Kamala et Hillary après la victoire de Trump !,,Actualité,291,0.81,278,,2024-11-07T22:23:37,https://i.redd.it/pxuyf9j7jlzd1.jpeg,
1gstaqk,Tiens Toé‼️,brolbo,Humour,286,0.88,66,,2024-11-16T13:15:58,https://i.redd.it/7jrxjcww1b1e1.jpeg,
1fukxcs,Manifestation qui m'inquiète le 7 Oct à Montréal,RandomMythGenerator,Opinion,286,0.7,509,"Je ne sais pas trop comment formuler ça.. Ils annoncent une manifestation, pro-palestine, le 7 octobre. Cette date coïncide avec la date à laquelle des terroristes et des résidents de Palestine ont fait un attentat terroriste durant un festival de musique en Israël.
Je ne sais pas trop c'est quoi qu'il y a manifester. Imagine manifester le 11 septembre pour l'Irak. Je vois plus une provocation.

Pour une rare fois j'ai un sentiment de crainte à ma sécurité physique car je dois passer proche du centre ville.

À la dernière manifestation il y a eu beaucoup de cassage.
J'espère sincèrement que la police va être en place et vont utiliser tous les outils à leur disposition pour assurer la paix et le bon déroulement.

Je suis tanné de l'importation des conflits d'ailleurs. Le Canada et le Québec doivent être la definition de la paix. ",2024-10-02T12:49:43,https://www.reddit.com/r/QuebecLibre/comments/1fukxcs/manifestation_qui_minquiète_le_7_oct_à_montréal/,
1ewe7ue,Montréal: Campement de sans abris se développe de plus en plus le long de la piste cyclable de la rue Notre-Dame,ProjectKainy,Vidéo,288,0.94,247,,2024-08-19T17:49:08,https://v.redd.it/9pgdt21qyojd1,
1du202t,Lesbian couple beaten up by gang (middle eastern) in homophobic attack during birthday night out,,Actualité,285,0.83,148,,2024-07-02T21:11:04,https://metro.co.uk/2024/07/02/lesbian-couple-beaten-gang-homophobic-attack-birthday-night-21142932/?ico=mosaic_world,
1acgpsm,Infoman répond à Tucker Carlson,ProjectKainy,Vidéo,287,0.81,187,,2024-01-27T12:59:28,https://v.redd.it/k6zph3bvu0fc1,
18nz96h,Le Franglish,ProjectKainy,Humour,291,0.9,96,,2023-12-21T17:32:03,https://i.redd.it/un8uojst5q7c1.png,https://i.redd.it/un8uojst5q7c1.png
120h7zj,C’est bien dit…,brolbo,Humour,285,0.96,40,,2023-03-24T07:18:57,https://i.redd.it/l26cszfupppa1.jpg,https://i.redd.it/l26cszfupppa1.jpg
1nn76yn,Prsent comme tel.,chorkstrugagage,Humour,286,0.81,163,,2025-09-21T19:38:22,https://i.imgur.com/INFDEQv.png,https://i.imgur.com/INFDEQv.png
1251lpj,Meme,terryfuks,Actualité,285,0.82,43,,2023-03-28T16:41:36,https://i.redd.it/2bxal2fv1lqa1.jpg,https://i.redd.it/2bxal2fv1lqa1.jpg
1g9i89c,Lettre de François Legault sur X concernant l’école Bedford à Montréal.,Manon84,Opinion,282,0.98,153,,2024-10-22T09:32:40,https://i.redd.it/8nm2q4zk8bwd1.jpeg,
1brlvun,Ils pleurent la mort de l’ordure qui a essayé de tuer 2 personnes au hazard par arme à feu,Wonderful-Stuff-1335,Témoignage,285,0.84,347,,2024-03-30T12:28:30,https://i.redd.it/zb4ovp660irc1.jpeg,
11twaes,Ce sub est une grosse déception,Flaky-Source-2479,Opinion,280,0.75,176,"Lorsque j'ai rejoins reddit et que j'ai vu qu'il y avait un sub reddit Québec Libre j'étais fucking heureux. C'était avant que je me rende compte que c'était plus un sub de libertariens ayant un manque flagrant d'éducation qu'un sub souhaitant discuter de l'émancipation de notre peuple. 

Me semble quand de Gaulle à prononcé les mots Vive le Québec libre il parlait d'émancipation et pas de privatisation à gauche à droite et de ""Ah les méchants lgbtq existe vite faut leurs cracher dans face""",2023-03-17T12:39:18,https://www.reddit.com/r/QuebecLibre/comments/11twaes/ce_sub_est_une_grosse_déception/,
1ifn6sn,Trudeau,Stunning-Essay-6714,Opinion,281,0.81,131,"Je ne suis pas fan de Trudeau mais il a toujours été bon pour ces réactions lors de sujet très chaud.

Sont discours était excellent. 

Soutenons notre économie! 

",2025-02-01T21:36:16,https://www.reddit.com/r/QuebecLibre/comments/1ifn6sn/trudeau/,
190ezkn,"Murica IRL -Je sais pas qui a eu cette idée, mais OK.",oliski2006,Opinion,280,0.82,76,,2024-01-06T19:36:51,https://i.redd.it/6tltul4gawac1.png,https://i.redd.it/6tltul4gawac1.png
1740q7l,Un peu d'humour,Lingenfelter,Humour,277,0.72,118,,2023-10-09T15:32:16,https://i.redd.it/kjxn6cx6b8tb1.jpg,https://i.redd.it/kjxn6cx6b8tb1.jpg
1livr50,🙏,Illustrious_Ease_748,Humour,280,0.93,38,,2025-06-23T19:22:07,https://i.redd.it/913z5cz5gr8f1.jpeg,
1nhr7le,"""C'est un meurtriers gauchiste!"" ""Non, c'est un meurtriers droitiste!"" vos yeules, pour vrai.",QualityCoati,Opinion,275,0.91,274,"Les derniers jours ont su démontrer à quel point les gens peut être cringe sans bon sens. Pourquoi, tout d'un coup, c'est devenu insuffisant qu'un tireur ait tué quelqu'un? Pourquoi tant d'obsession sur le détail le plus minuscule pour essayer de catégoriser une personne comme étant gauche/droite à 100%? Est-ce que la nuance est morte, ou est-ce qu'elle vous fait peur car vous vous êtes trop investis dans un camp pour réaliser que la majorité des gens ne le sont pas? Est-ce qu'elle vous choque parce que ça devient impossible de prendre un fucking *meurtrier* pour juger l'entièreté d'une moitié de gens complètement normaux?

J'ai une petite proposition aux obsédés politiques en ce moment: si vous avez tant de misère à qualifier un individu de gauchiste où de droitiste, **c'est peut êtres parce que la majorité du monde ne sont pas des reflets d'un monolithe cliché et quasiment artificiel. ** 


Tyler Robinson est un meurtrier. C'est un flo de 22 ans radicalisé par une vie entière sur internet. C'est tout ce dont une personne normale a besoin pour condamner les évènements. C'est complètement ahurissant de voir à quel point les gens sont complètement en train de passer à côté de l'élément le plus important de toute cette ostie d'affaire.

Entéka, /rant fini, pis j'espère que ça va en faire réfléchir ou discuter une couple, esti.",2025-09-15T12:50:50,https://www.reddit.com/r/QuebecLibre/comments/1nhr7le/cest_un_meurtriers_gauchiste_non_cest_un/,
1jqxq1k,J’ai tellement ri,Sudden_Specialist563,Humour,277,0.95,23,,2025-04-03T19:34:00,https://i.redd.it/xl3laz2ggpse1.jpeg,
1hb51as,"La prière, ça devrait être comme le sexe. Tu fais cela en privé. Et si tu veux faire cela en groupe, ya des endroits clos pour cela.",spoutti,Opinion,278,0.84,180,,2024-12-10T11:00:54,https://www.reddit.com/r/QuebecLibre/comments/1hb51as/la_prière_ça_devrait_être_comme_le_sexe_tu_fais/,
m0p7jr,Une page noire de notre histoire,,Histoire,277,0.99,56,,2021-03-08T15:28:14,https://i.redd.it/t39mqjhkdul61.jpg,https://i.redd.it/t39mqjhkdul61.jpg
1g0ojtl,Acid Blais sur les dernières manifestations,ProjectKainy,Vidéo,272,0.84,711,,2024-10-10T13:43:16,https://v.redd.it/t82ojl5ttytd1,
1fyl61q,Le Québec ne est pas un place pour immigrants religieux.,Fam-Cat-1975,Discussion,271,0.81,198,"Historiquement, le Québec s'est débarrassé du contrôle de l'Église catholique et de toute religion.  Les citoyens de Québec sont croyant mais pas religieux.

Les immigrants ne le savent pas avant d' arriver ici.",2024-10-07T18:55:22,https://www.reddit.com/r/QuebecLibre/comments/1fyl61q/le_québec_ne_est_pas_un_place_pour_immigrants/,
1nrcule,A nos amis qui parlent régulièrement de ''liberté'' d.expression,Massive_Bus_2919,Humour,275,0.79,105,"Critiquer l'islam en tant que religion : est-ce de l'islamophobie?

Oui, critique un musulman parce qu'il est musulman: c'est de l'islamophobie.

Critiquer l'islam en tant que religion : est-ce de l'islamophobie?

Mais pourquoi certains répondent '' qu'on critique les musulmans'' alors  que l'on ne fait que critiquer certaines valeurs religieuses?

On critique bien la Bible, le Talmud ( même avec des citations du faux talmud (contenant de fausses citations du Talmud avec une pagination imaginaire.... Il s'agit d'un ouvrage de propagande antisémite, comparable aux Protocoles des sages de Sion et antérieur de quelques années) .....sans que l'on soit accusé de  racisme?",2025-09-26T16:59:20,https://i.redd.it/83m0zbq4okrf1.jpeg,
1muyvyd,Vu dans Tony Hawk's pro skater 3+4,XxPurpKush420QCxX,Photo,272,0.98,36,,2025-08-19T19:37:09,https://i.redd.it/tnechx0ta2kf1.jpeg,
1bjc7ra,Pas si loin d'un avenir proche,Lingenfelter,Humour,266,0.85,166,,2024-03-20T08:26:35,https://i.redd.it/qkeq82grfhpc1.jpeg,
1ji7rfv,Bonne campagne à tous !,Any-Board-6631,Opinion,274,0.86,63,,2025-03-23T15:40:45,https://i.redd.it/38db1hpqshqe1.jpeg,
1ha9s5u,"Islam à l’école: cessons de faire l’autruche!
Si on n’agit pas tout de suite, on va se retrouver comme en France...",Massive_Bus_2919,Chronique,268,0.83,148,"[https://www.journaldemontreal.com/2024/12/09/islam-a-lecole-cessons-de-faire-lautruche](https://www.journaldemontreal.com/2024/12/09/islam-a-lecole-cessons-de-faire-lautruche)

''En fait, ce qui m’étonne, c’est que ça nous a pris autant de temps à découvrir cette réalité.

En France et en Belgique, ça fait des années que c’est comme ça....

Professeurs qui ont peur d’enseigner certaines matières en classe (sexualité, théorie de l’évolution, Holocauste dans les cours d’histoire).

Enfants juifs intimidés et agressés par des membres de la communauté arabo-musulmane.

Racisme antiblanc et antichrétien.

Refus catégorique de respecter la loi sur la laïcité.

Élèves musulmans priant dans les corridors et les cours d’école.

Manifestation de mépris et de haine envers tout ce qui est français.

Communautarisme exacerbé.

Homophobie décomplexée.

Apologie du nazisme.

Jeunes filles qui subissent des pressions pour porter le voile et «faire le ramadan».

Enseignants qui ont tendance à «surnoter» les élèves arabo-musulmans pour acheter la paix avec leurs parents.

Professeurs menacés de mort pour avoir montré des dessins.

Tout ça fait maintenant partie du quotidien des professeurs français.

Dans certaines écoles françaises, c’est bien simple, on se croirait en Algérie.

Voilà pourquoi je salue la rapidité de réaction du ministre Bernard Drainville.

Parce que ce qui se passe actuellement en France, c’est ce qui nous attend après-demain si nous ne serrons pas la vis tout de suite.''

",2024-12-09T08:32:22,https://www.reddit.com/r/QuebecLibre/comments/1ha9s5u/islam_à_lécole_cessons_de_faire_lautruche_si_on/,
1ephvet,Subway ,,Photo,269,0.88,152,,2024-08-11T06:43:02,https://i.redd.it/w050cnook0id1.jpeg,
1ifzqn9,"Donald Trump, Furieux, répond à Justin Trudeau en évoquant à nouveau le 51ième état sur Truth Social",theGuy7376,Actualité,267,0.89,285,,2025-02-02T10:33:25,https://i.redd.it/pblv94i0wqge1.jpeg,
1gzks8j,Acid Blais et la peur des hommes blancs,ProjectKainy,Vidéo,268,0.85,118,,2024-11-25T10:01:05,https://v.redd.it/fsydx8i8b23e1,
1nck92g,Carte des places dans le monde où le chef du gouvernement a frenché sa soeur en direct sur la télévision nationale,drseek32,Humour,267,0.9,33,,2025-09-09T10:21:08,https://i.redd.it/338zd81oe5of1.jpeg,
1n7esaw,Jean-François Lisée sur les prières de rue,questionnism,Actualité,262,0.87,157,,2025-09-03T09:26:47,https://i.redd.it/0livcaykbymf1.png,https://i.redd.it/0livcaykbymf1.png
1fe995g,"Iranian chess player Dorsa Derakhshani was given an ultimatum by the Islamic regime: wear the hijab or you’re banned from competing. She didn’t just refuse; she joined the U.S. team, became a world champion, and recently started medical school. Il faut plus d’immigrant comme elle!!!!!!!",,Photo,267,0.89,84,,2024-09-11T08:47:05,https://i.redd.it/mui9y5m7r1od1.jpeg,
1jiorpa,Tellement vrai,Interesting_Rub_3952,Humour,264,0.63,203,,2025-03-24T07:50:23,https://i.redd.it/geuqygtslmqe1.jpeg,
1mkazh7,Le compte tiktok de la SQ,Chance-Confection-32,Vidéo,263,0.92,189,"Pour moi, ce compte permet de nuancer et aussi de répondre au questionnement qu'on peut se poser sur la police. Et je trouve quil fait une bonne jobs et je tenais à les remercier et aussi vous en partager une vidéo explicatives 
https://vt.tiktok.com/ZSS4T8cwC/ ",2025-08-07T16:24:02,https://v.redd.it/62bp8tcdpnhf1,
17w5h41,Un de nos grands n’est plus,Separate_Football914,Actualité,264,0.95,45,,2023-11-15T17:14:32,https://i.redd.it/zab06onx5l0c1.jpg,https://i.redd.it/zab06onx5l0c1.jpg
1mtub5d,Libre!,GBJl,Photo,263,0.74,69,,2025-08-18T14:30:36,https://i.redd.it/cobq6o85ntjf1.png,https://i.redd.it/cobq6o85ntjf1.png
1nfwamu,Lol,Ill-Ad3660,Humour,259,0.8,171,,2025-09-13T08:31:10,https://i.redd.it/131so6vrexof1.jpeg,
1kotpd1,Remplacement du français,IcySoup8821,Témoignage,254,0.91,111,"J'ai donc obtenu un entretien pour un poste de technicien informatique. Le recruteur indien m'a posé plusieurs questions en anglais uniquement, alors que la description du poste était en français.

Bref, j'ai répondu aux questions en anglais, puis il m'a dit que j'avais un accent français bizarre. Je n'ai donc pas obtenu le poste, mais je pense toujours à ceux qui disaient que l'immigration ne contribuait pas à la disparition du français.",2025-05-17T10:01:26,https://www.reddit.com/r/QuebecLibre/comments/1kotpd1/remplacement_du_français/,
1hoah4x,Meubles RD (publicité refusée par Radio-Canada),ProjectKainy,Vidéo,254,0.94,242,,2024-12-28T12:27:21,https://v.redd.it/wahx7gzejm9e1,
199yjjj,"Des immigrants pour raisons humanitaires j'aime ça. Des immigrants pour remplir un plan d'expansion d'un pays concocté par une clique de millionnaires, sans plans pour les services nécessaires, j'aime moins ça...",,,255,0.89,118,... et je ne comprend pas que sa fasse de moi un raciste.,2024-01-18T14:32:50,https://www.reddit.com/r/QuebecLibre/comments/199yjjj/des_immigrants_pour_raisons_humanitaires_jaime_ça/,
1nfuyj7,Tu juste moi qui avait aucune idée c'était qui Charlie Kirk?,alexlechef,Discussion,257,0.81,301,"Tout le monde écoutait son contenu, lisait ces livres était un fan fini?  
Je vois ça aller depuis mercredi. Les gens avaient l'air assez assidus sur son contenue. Vous le suivez depuis quand? Vous l'avez découvert comment?  ",2025-09-13T07:19:26,https://i.redd.it/guishh9z1xof1.jpeg,
1hwzcw3,Je l'ai retravaillé un peu...,TrumpAndKamalaSucks,Humour,252,0.93,16,,2025-01-08T19:08:41,https://i.redd.it/dzoeok041vbe1.png,https://i.redd.it/dzoeok041vbe1.png
11m248k,Bonne journée internationale de la femme!,ProjectKainy,Humour,253,0.69,332,,2023-03-08T12:18:52,https://i.redd.it/ts00s9gvtjma1.png,https://i.redd.it/ts00s9gvtjma1.png
10r3156,Un supermarché à Edmonton lance une caisse « lente et sociale » spécialement dédiée aux gens qui ont du temps et l'envie de discuter.,ProjectKainy,Vidéo,252,0.98,34,,2023-02-01T14:06:55,https://v.redd.it/bwbsz9t9lmfa1,
k3bwol,Pourquoi défendre le français,,Citation,251,0.99,21,,2020-11-29T11:10:54,https://i.redd.it/f2zu5m83e7261.jpg,https://i.redd.it/f2zu5m83e7261.jpg
1giwf9p,Terrorist convicted of murdering 4 in Paris synagogue is lecturer at Canadian university,alsonotjohnmalkovich,Actualité,244,0.81,81,,2024-11-03T15:29:37,https://www.ynetnews.com/article/rkj6jwh11je,
1geh427,Il faut cesser de parler «des religions» et oser parler de l’islam et de l’islamisme,chamotruche,Chronique,249,0.79,393,,2024-10-28T19:56:01,https://www.journaldemontreal.com/2024/10/28/il-faut-cesser-de-parler-des-religions-et-oser-parler-de-lislam-et-de-lislamisme,
1auxody,CAQ: La cause du déficit,ProjectKainy,Vidéo,247,0.95,114,,2024-02-19T15:28:16,https://v.redd.it/k3o7hxzdqljc1,
1cterir,Même TVA est outré,ProjectKainy,Vidéo,245,0.88,112,,2024-05-16T10:51:20,https://v.redd.it/c0d6hhukxs0d1,
1kae651,BLOCS YOUR PATH,_Kabar_,Humour,243,0.89,47,,2025-04-28T23:11:55,https://i.redd.it/188vuh24yoxe1.jpeg,
1mxt2nw,Les Simpson sont danger au Québec,kosto1616,Actualité,242,0.87,74,Ont pourrait perdre la version québécoise des Simpson teletoon n'a pas renouvelé pour la 36 saison la version québécoise avec Disney les ami même le gouvernement veulent nous aider alors aller signer cette pétition ,2025-08-23T01:30:49,https://i.redd.it/gtpfkh0ngpkf1.jpeg,
1i60enl,Est-ce qu'Elon Musk vient de faire le ''salut n@z1'' pendant son discours ?,,Vidéo,240,0.78,518,,2025-01-20T15:38:54,https://v.redd.it/d9v2eh5em7ee1,
1e1vyg2,Trump trolle déja Biden sur Facebook ,Smartpen001,Humour,243,0.74,119,"J'ai hâte de voir les campagnes de publicité de Trump contre Biden cet automne. Ça promet d'être hilarant lol.

Ceci est une suite de la discussion : https://www.reddit.com/r/QuebecLibre/s/14DON3kepW

",2024-07-12T19:32:48,https://i.redd.it/7nh6g94oa6cd1.jpeg,
1n59ov5,☠️ pas mal vrai,Necessary_Avocado398,Humour,241,0.83,107,,2025-08-31T19:45:27,https://i.redd.it/y7ovs9jv51mf1.jpeg,
1glaeel,Un Québecois perd 700 000$ après avoir parié sur la victoire de Kamala Harris,Smartpen001,Humour,240,0.76,156,"Il s'appelle Félix Lengyel est apparemment c'est un gars de Laval.
 https://www.breitbart.com/tech/2024/11/06/watch-streamer-xqc-takes-staggering-700000-loss-on-kamala-harris-election-bet/

Imagine. Y aurait pu s'acheter une maison avec cet argent là. Ou même l'investir dans un fonds pour sa retraite.

Mais il a décidé de le jeter par la fênetre en croyant réellement que Kamala était capable de battre un homme puissant comme Trump (lol). ",2024-11-06T16:59:45,https://i.redd.it/jmvpdmzpsczd1.jpeg,
1hwmz9r,C'est comme ca qu'on devrait régler le problème,Potential_Growth5290,Humour,240,0.93,57,,2025-01-08T10:38:31,https://i.redd.it/96umrvm4isbe1.jpeg,
1fz263a,"""Mort au Canada !""",,Vidéo,239,0.84,293,,2024-10-08T11:12:29,https://v.redd.it/p0jnk7o9cjtd1,
11t36da,Une personnalité publique goutte au système de santé,ProjectKainy,Témoignage,236,0.96,181,,2023-03-16T15:06:23,https://i.redd.it/02yy3vw6g5oa1.png,https://i.redd.it/02yy3vw6g5oa1.png
1hzagiw,Trans debate in 13 seconds.,Sudden_Specialist563,Vidéo,238,0.75,323,,2025-01-11T19:37:47,https://v.redd.it/ev8asoojnfce1,
1f54ece,2 frères tués par un chauffard ivre juste avant le mariage de leur soeur,Smartpen001,Actualité,238,0.91,63,"Ils étaient aux Etats-Unis pour le mariage de leur soeur prévu demain.

La seule consolation dans cette tragédie, c'est que ça s'est passé aux Etats-Unis et donc le fautif aura une sentence juste.

Si c'etait au Québec il aurait une sentence bonbon (petite tape sur les doigts).

https://www.rds.ca/hockey/lnh/lnh-l-attaquant-des-blue-jackets-de-columbus-johnny-gaudreau-est-mort-1.19364113
",2024-08-30T15:52:01,https://i.redd.it/7emnam6yvuld1.jpeg,
1axzeoh,Pendant ce temps au IGA,Lingenfelter,Actualité,233,0.96,177,,2024-02-23T07:34:59,https://i.redd.it/7rgvpu0nxbkc1.jpeg,
1nq8q5v,"Les Canadiens-français font partie de la diversité du monde et ils ont le droit de rester majoritaire dans leur état, le Québec.",LeRedneckDuPlateau,Opinion,231,0.79,258,"Je pense que c'est la question fondamentale. Êtes-vous d'accord avec cet énoncé ? Pourquoi les pays occidentaux doivent se diversifier jusqu'à la minorisation de leur peuple dans leur état et non les autres pays? 

Les Occidentaux ont déjà énormément de diversité. Les Irlandais roux aux Russes aux yeux bleus. Ils sont beaux. Pourquoi doivent-ils absolument se mélanger avec les peuples du Tiers-Monde? En quoi c'est mal de vouloir préserver notre peuple dans notre état?  On n'a rien demandé nous. ",2025-09-25T10:46:09,https://www.reddit.com/r/QuebecLibre/comments/1nq8q5v/les_canadiensfrançais_font_partie_de_la_diversité/,
1h5wqar,"Enfin, ça fait plus d'un an que les Juïfs et les Québecois se font harceler.",CChouchoue,Actualité,228,0.74,321,,2024-12-03T15:07:21,https://i.redd.it/8do214atwo4e1.jpeg,
1jptj8y,Mon fils est-il raciste ?,Friendly-Class8941,Témoignage,231,0.83,332,"Salut à vous,
Je me pose une question à propos d'une situation qui est arrivé à l'école de mon fils.
J'ai besoin de votre opinion.

Mon fils de 8 ans jouais au ping pong avec des amis dans la cour d'école. Ils se sont fait des équipes avec des noms de pays.

Une des équipes était l'Algérie et les 2 jeunes dans cette équipe criaient 1 2 allez l'Algérie. 

Mon fils qui jouait contre eux a crié 1 2 allez l'allergie. Voyez le jeu de mot. 

Ils lui ont dit d'arrêter et il a arrêté. Par contre, la TS de l'école qui est, par ailleur, algérienne à rencontré mon fils. Elle veut qu'il fasse un texte sur la violence verbale et le raciste. 

Je trouve que cela va trop loin pour un jeu de mot sur le nom d'un pays. Mais avant d'intervenir j'aimerais avoir votre opinion.

Merci 
",2025-04-02T12:54:38,https://www.reddit.com/r/QuebecLibre/comments/1jptj8y/mon_fils_estil_raciste/,
11r81pu,Les dragqueens vont groomer vos enfants!1!!,Ill-Breakfast2038,Vidéo,229,0.77,134,,2023-03-14T10:45:22,https://v.redd.it/thch4pt73kna1,
1bdal42,"Augmentation de salaire à 362 800$ pour la gouverneure générale, à vos frais",Smartpen001,Actualité,230,0.9,102,"À quoi elle sert concrètement??

Abolissez-moi ce poste au plus sacrant.",2024-03-12T18:24:37,https://i.redd.it/41gk5doabznc1.jpeg,
10qxejb,Vu aujourd'hui,,Témoignage,229,0.64,818,,2023-02-01T10:26:06,https://i.redd.it/aahthy4gzmfa1.jpg,https://i.redd.it/aahthy4gzmfa1.jpg
xl7gvd,A tout mes tatas du 3ieme liens <3<3,,Humour,229,0.84,166,,2022-09-22T13:21:36,https://i.redd.it/1we3ohb72gp91.jpg,https://i.redd.it/1we3ohb72gp91.jpg
1lfnx8l,«Vive le Québec libre» veut dire «Vive le Québec libre». ⚜️,Real_BobGratton,Culture,228,0.87,124,,2025-06-19T18:26:39,https://v.redd.it/wceb82mfmy7f1,
1jvjseg,''Renvoyons ces parasites dans leur pays !'' Maxime Bernier n’est pas un fan des étudiants indiens qui volent de la nourriture dans les banques alimentaires.,MainDifficulty,Culture,230,0.9,99,,2025-04-09T19:20:25,https://i.redd.it/zmxps8sg7wte1.png,https://i.redd.it/zmxps8sg7wte1.png
1iyqz0k,Radio-Canada avec Mark Carney,ProjectKainy,Humour,228,0.78,100,,2025-02-26T11:05:42,https://i.redd.it/1600dhthbile1.png,https://i.redd.it/1600dhthbile1.png
1m9u1zd,"Ville Mont-Royal à gauche, Parc-Extension à droite, séparés par une clôture et un boulevard",Time-Glass3681,Photo,227,0.97,149,,2025-07-26T10:00:15,https://i.redd.it/243wbg1068ff1.jpeg,
1cgya9k,Patrimoine du Québec: Kevin aura 40 ans cet année,ProjectKainy,Vidéo,226,0.96,60,,2024-04-30T13:19:21,https://v.redd.it/mbf6rp6chnxc1,
1l89p0e,Les conservateurs Québecois qui se disent fédéralistes,libtares,Humour,230,0.82,77,,2025-06-10T16:37:59,https://i.redd.it/fyjx6y41v56f1.jpeg,
1fnaup5,Chute drastique du niveau de vie au Canada,Smartpen001,Analyse,225,0.84,114,"Depuis 2022, le niveau de vie des Canadiens chute dangeureusement, au point que nous sommes maintenant à un niveau de vie plus bas qu'avant la destruction économique qui a commencé en 2020 sous prétexte d'une pandémie.

Pendant ce temps, nos voisins au sud ont rebondi de cette page de l'histoire et semblent maintenant avoir un meilleur train de vie que nous.

Un [transfert de richesse](https://www.oxfam.org/en/press-releases/ten-richest-men-double-their-fortunes-pandemic-while-incomes-99-percent-humanity) des classes moyennes aux gens de la haute société a été imposé à l'échelle mondiale par nos élites au nom d'une crise sanitaire, et le Canada semble être le pays qui en paye le plus plus de frais.... Avec l'immigration massive, les taxes carbones qui augmentent chaque année (et font donc augmenter le coût de la vie) et l'impossibilité des jeunes d'acquérir une première maison, on se dirige tout droit vers la dystopie [''You will own nothing](https://x.com/sophiadahl1/status/1617377588212600832?t=fM9Iu7tnSIZ3uBlckq4DMg&s=19)'' (Vous ne posséderez rien), vidéo aujourd'hui supprimée par son auteur, le Forum économique mondial/WEF.",2024-09-22T23:01:56,https://i.redd.it/edas6p8m5hqd1.jpeg,
17vc4sf,Être né pour un petit pain.,LePetitJeremySapoud,Humour,224,0.95,50,,2023-11-14T16:02:24,https://i.redd.it/eymq43j5od0c1.jpg,https://i.redd.it/eymq43j5od0c1.jpg
10s8jd4,Tableau des positions de gauche et de droite selon un professeur en science politique du cégep Garneau.,,Discussion,225,0.84,268,,2023-02-02T21:28:25,https://i.redd.it/2p8wpgxwwvfa1.png,https://i.redd.it/2p8wpgxwwvfa1.png
12poy0j,Une belle projection,ProjectKainy,Humour,227,0.82,72,,2023-04-17T12:57:42,https://i.redd.it/bg252rzg6hua1.png,https://i.redd.it/bg252rzg6hua1.png
11asfhl,"Surprise! : Plus l'État investit dans des infrastructures de transport en commun, plus la ville de Montréal attire les investissements privés",,Actualité,226,0.91,59,,2023-02-24T09:17:08,https://i.redd.it/5qs69ny6a5ka1.png,https://i.redd.it/5qs69ny6a5ka1.png
1g0vk2i,"
C'est drôle parce que c'est vrai 🥲",hhh333,Humour,224,0.96,31,,2024-10-10T18:54:06,https://i.redd.it/brv7m0zbyytd1.jpeg,
18rm7v6,Merci Trudeau,FuuuuuManChu,,227,0.78,119,"A chaque année ma famille se réunit pour Noël pis à chaque fois ça dégénére  en discussion raciste ou sexiste anti trans quand mononcle est bien chaud. Mettons que j'ai des opinions plus nuancé mais je les garde pour moi c'est le genre de famille où mon ptit cousin amène une amie pour faire comme si il avait une blonde et cacher le fait qu'il est gay. 


Mais cette année rien de cela. Toute ma famille était unie dans la haine du premier ministre. Même la matante qui est pas politique pantoute en avait contre lui.  Merci donc de nous avoir uni pour Noël même si c'était dans la haine de Trudeau au moins pour une fois nous sommes tous d'accord.

Joyeux Noël et bonne année !",2023-12-26T18:59:18,https://www.reddit.com/r/QuebecLibre/comments/18rm7v6/merci_trudeau/,
1dndsep,L'évolution de la corbeille,,Humour,222,0.67,87,,2024-06-24T09:42:23,https://i.redd.it/lcsoebuvwi8d1.jpeg,
1gvdeum,Je le savait même pas...loll,Ok_Macaron9958,Humour,217,0.76,89,,2024-11-19T20:06:32,https://i.redd.it/sw90cxcwhy1e1.jpeg,
1arggr3,"15 février 1839, n'oublions jamais. ",Historical_Dot4454,Histoire,221,0.92,84,"«Vive la liberté, vive l'indépendance!»",2024-02-15T09:19:49,https://v.redd.it/ncppw1q3dric1,
1mhnjec,Le défilé de la Fierté de nos amis de la Colombie-Britannique a eu l'air plaisant cette année !,MainDifficulty,Photo,220,0.78,250,,2025-08-04T15:42:14,https://i.redd.it/9ury4bx732hf1.jpeg,
1jcsrj9,"Petit rappel: une décennie de gouvernance Libérale, une décennie perdue où le Canada n'a connu aucune croissance économique par habitant, en queue de peloton de tous les pays développés",kchoze,Analyse,219,0.77,216,,2025-03-16T14:56:54,https://i.redd.it/a8j0kawbm3pe1.jpeg,
1huczzn,"Julien Poulin, interprète d’Elvis Gratton, est décédé",Joe_Bedaine,Actualité,222,0.99,81,,2025-01-05T13:05:30,https://ici.radio-canada.ca/nouvelle/2130667/deces-julien-poulin-elvis-gratton-cinema-tele-falardeau,
18c41j5,En souvenir des victimes de Polytechnique (je m'en rappelle même si j'étais vraiment très jeune en 1989),BBAALLII,Histoire,220,0.88,183,,2023-12-06T08:32:15,https://i.redd.it/uqhwccbwfo4c1.jpg,https://i.redd.it/uqhwccbwfo4c1.jpg
10etqj5,chad,,Actualité,221,0.96,33,,2023-01-17T20:14:20,https://i.redd.it/17ho4bopuqca1.jpg,https://i.redd.it/17ho4bopuqca1.jpg
1dbyoxj,"Tel père, tel fils",ProjectKainy,Histoire,219,0.88,51,,2024-06-09T13:09:27,https://i.redd.it/mpe8n8e3wk5d1.png,https://i.redd.it/mpe8n8e3wk5d1.png
xv19sv,"syndrome du Chihuahua : jappe fort, mords pas tant",Sillvaro,Humour,218,0.85,69,,2022-10-03T21:15:59,https://i.redd.it/ph9mozbvwor91.jpg,https://i.redd.it/ph9mozbvwor91.jpg
1lx87qy,"Québécoise, voilée, souverainiste… et pourtant toujours perçue comme une étrangère",islamicallyyyf,Témoignage,217,0.73,375,"Il y a quelques semaines, j’étais dans un café, en train de travailler sur un devoir d’université. Une femme s’est approchée et m’a dit, d’un ton un peu arrogant : « C’est beau de voir que vous faites des efforts pour vous intégrer, ça n’arrive pas à tous les jours ».

J’étais née à quelques rues de là. 
Ma réalité, c’est que je suis Québécoise. Je suis musulmane. Je porte le voile. Et j’ai un profond attachement pour l’indépendance du Québec et pour la langue française. 
Et pourtant, je sens que pour beaucoup… je ne pourrai jamais être tout cela en même temps.
Je vis dans une tension constante : entre ce que je suis, et ce qu’on croit que je suis. Entre la culture québécoise à laquelle je suis profondément attachée, et ma foi, qui est le centre de ma vie.

Je suis née ici. J’ai grandi ici. Le fleuve, les forêts, les hivers, les mots québécois, les débats de société, la fierté d’un peuple qui a résisté à l’effacement, TOUT ÇA m’habite. J’aime ce Québec qui a lutté pour exister, pour être entendu, pour décider par lui-même. Et c’est justement parce que je comprends cette lutte que je m’y reconnais. Parce que moi aussi, je me bats pour exister. Pour être reconnue sans devoir m’excuser de ma foi, que ce soit sur les bancs de l’école ou dans le milieu professionnel. 

Ma foi m’a donné une boussole morale, une force intérieure, un sens du respect, de la justice, de la paix. Et mon identité québécoise m’a appris la solidarité, la fierté, la beauté de la langue, la résistance.

J’écris ce texte pour vous rappeler que des personnes comme moi existent bel et bien, même si on ne rentre pas dans les cases préfabriquées. Des femmes musulmanes, voilées, profondément attachées à leur foi, mais aussi enracinées dans la culture québécoise, francophones de naissance ou de cœur, investies, instruites, sensibles à la société qui les entoure. 
Ce texte n’est pas une revendication victimaire, mais une invitation à élargir l’espace symbolique de l’appartenance collective, pour qu’il reflète enfin la diversité réelle de ceux et celles qui habitent ce territoire avec loyauté, amour et espérance.

Et je vous laisse avec les paroles du grand Michel Tremblay : 	« C'est drôle comme les choses peuvent changer d'aspect, parfois, lorsqu'on les regarde d'un point de vue différent de celui sous lequel on les a toujours connues ».

",2025-07-11T10:23:25,https://www.reddit.com/r/QuebecLibre/comments/1lx87qy/québécoise_voilée_souverainiste_et_pourtant/,
1is463j,Nouvelle version pour TRUMP!!,Dazzling_Airport_840,Humour,219,0.93,20,,2025-02-17T23:18:24,https://i.redd.it/c7xu0l16qtje1.jpeg,
1idqmrq,Évaluation de son condo passe de 184 000$ à 307 000$,ProjectKainy,Vidéo,218,0.85,320,,2025-01-30T11:19:01,https://v.redd.it/frph98tap5ge1,
1mz2cbm,On devrait criminaliser les prières de rue,ButterflyDesigner224,Opinion,220,0.78,168,"Bloquer le trafic est illégal déjà, mais ce ne sont pas des manifestations, c'est de l'endoctrinement religieux.

L'article 1 de **la Charte canadienne des droits et libertés garantit les droits et libertés** qui y sont énoncés. *[Incluant la liberté de pratiquer sa religion en privé et en public]*

Ils ne peuvent être restreints que par une règle de droit, dans des limites qui soient raisonnables et dont la justification puisse se démontrer **dans le cadre d’une société libre et démocratique.**

TLDR; Montréal peut interdire les prières devant la Basilique Notre-Dame puisque c'est de l'intimidation.",2025-08-24T13:49:29,https://www.reddit.com/r/QuebecLibre/comments/1mz2cbm/on_devrait_criminaliser_les_prières_de_rue/,
1n4apwb,La streameuse Cocotte se fait refuser une poignée de main par un restaurateur musulman  misogyne.,BigConstruction4755,Vidéo,215,0.79,560,"Après un contrat de travail, Cocotte se fait refuser une poignée de main par le proprio de O’tacos à Saint-Thérèse, un restaurateur musulman qui demande de serrer la main uniquement avec l’ami de Cocotte parce que c’est un homme.",2025-08-30T15:45:38,https://v.redd.it/wcuiy72hn7mf1,
1img8ud,Based - The only Canadian beer I could find in NYC yesterday.,QuikAuxFraises,Photo,213,0.96,38,,2025-02-10T15:31:32,https://i.redd.it/6vxr5ro8pcie1.jpeg,
1n2doie,Prières de rue: le gouvernement Legault s’apprête à les interdire,MagnusDante,Actualité,214,0.95,146,🥳,2025-08-28T10:25:45,https://www.journaldequebec.com/2025/08/28/prieres-de-rue-le-gouvernement-legault-sapprete-a-les-interdire,
1dhesjv,Prière en public ,Viscolucci,Vidéo,215,0.68,466,,2024-06-16T15:09:26,https://v.redd.it/0j1jribyfz6d1,
1256r8t,Normand Brathwaite,,Culture,211,0.95,29,,2023-03-28T19:52:01,https://i.redd.it/k6qbrvb7ikqa1.jpg,https://i.redd.it/k6qbrvb7ikqa1.jpg
194xlh0,"Une grand-mère qui avait la hanche cassée a passé 30 heures à l’urgence sans manger ni boire: «Ils l’ont oubliée carrément!», déplore sa fille",ProjectKainy,,212,0.94,159,,2024-01-12T10:22:57,https://i.redd.it/go5uiv5b11cc1.png,https://i.redd.it/go5uiv5b11cc1.png
1924t23,Epstein,Lingenfelter,Humour,212,0.79,44,,2024-01-08T22:28:31,https://i.redd.it/5fnikdw43cbc1.jpeg,
17kqu5d,Une Québécoise refuse d’affronter une boxeuse trans pour sa sécurité,,Actualité,212,0.91,270,,2023-10-31T13:47:17,https://www.journaldemontreal.com/2023/10/31/une-quebecoise-refuse-daffronter-une-boxeuse-trans-pour-sa-securite,
1bisf19,Consommation électrique : on peut tu arrêter de toujours mettre la faute sur la population? ,Walys88,Opinion,211,0.91,113,"Depuis une semaine on martelle qu'il faut diminuer le gaspillage d'électricité à travers le piscine-shaming, les douches trop longues ou le concept ésotérique qu'est le chauffage résidentiel; un madné on peut tu nous laisser le petit confort qu'il nous reste? 

C'est drôle, sur la 20, de Québec à Montréal tu as des dizaines de milliers de lumières qui restent allumées 24/7.  Pour illuminer, concrètement, rien d'autres que des stationnements vides ou des murs de bâtiments moches.

On peut tu nous crisser patience avec l'esti économie d'énergie quand toute les câlis de centres-villes de la phoquing province sont illuminés qu'el criss à 4h du matin !? Cibole, tu as même pu besoin de lampadaires sur les rues tellement ya des affiches publicitaires allumées la nuit. 

Ça prend tu vraiment 3000 W de lumière à 3h30 un 36 décembre pour annoncer que ton magasin vend le même criss de service que depuis les 30 dernières années? 

Que le gouvernement demande aux industries de mieux gérer leur consommation et après on verra si c'est au tour de la population de faire des efforts. 

OuiMaISlEsIndUTriESproduiSeNtDeSCHosEsElLes

Non, phoqueyou, les tites lumières cutes en triangle feng shui qui allument un mur de briques la nuit produisent absolument rien. 

Tire la plug la dessus et on verra après si j'amène un sablier dans ma douche frette dans ma maison, sans piscine, chauffée à 11°C 

Bon, m'a aller relaxer en me faisant un thé frette parce que faire chauffer de l'eau c'est du gaspillage d'électricité. 

",2024-03-19T15:09:47,https://www.reddit.com/r/QuebecLibre/comments/1bisf19/consommation_électrique_on_peut_tu_arrêter_de/,
1agl5md,L'Alberta dit NON à la théorie du genre dans les écoles,Smartpen001,,210,0.75,293,"Voici une première-ministre qui n'a pas peur de mettre ses culottes. Elle vient d'approuver une loi qui:

- INTERDIT les chirurgies de changement de sexe chez les mineurs de moins de 18 ans
- INTERDIT les traitements hormonaux chez les mineurs de moins de 16 ans

- OBLIGE l'école d'informer les parents si leur enfant de moins de 18 ans a décidé de changer son nom ou ses pronoms à l'école
- OBLIGE l'école de demander la PERMISSION des parents si leur enfant de moins de 16 ans désire changer son nom ou ses pronoms à l'école.

En outre, la nouvelle loi garantie également aux femmes le DROIT de pouvoir participer aux compétitions sportives féminines SANS devoir affronter des athlètes trans. Donc FINI les gars qui s'identifient en femme et veulent ensuite competitionner avec des femmes nées femmes dans le milieu du sport.

C'est tu pas assez beau ça?",2024-02-01T15:45:43,https://youtu.be/_TOgeySLeqI?si=VKKLR1_3KeB_bH7V,
1mqbm88,Montréal-Nord dans toute sa splendeur !,MainDifficulty,Vidéo,210,0.86,317,,2025-08-14T16:06:36,https://v.redd.it/4lybwk2nk1jf1,
1h885iu,Legault songe à légiférer pour interdire la prière dans l’espace public,Poune84,Actualité,211,0.9,161,,2024-12-06T13:30:04,https://www.ledevoir.com/politique/quebec/825391/legault-songe-legiferer-interdire-priere-espace-public?,
1d0uw77,Boukar Diouf,Desperate-Self523,Opinion,209,0.89,52,,2024-05-26T02:01:24,https://i.redd.it/c2uzyl76op2d1.jpeg,
1l48jmd,"Elon Musk dit que si le dossier d’Epstein n'a jamais été rendu public, c’est parce que Trump est dedans. Sortez le popcorn !",MainDifficulty,Actualité,211,0.95,153,,2025-06-05T15:41:30,https://i.redd.it/v2smpt0dw55f1.png,https://i.redd.it/v2smpt0dw55f1.png
1j3gr15,RIPOSTE : Trump vient encore de manquer de respect au Canada en s'adressant à Ttudeau comme gouverneur du 51ième état,theGuy7376,Actualité,207,0.89,272,,2025-03-04T12:49:22,https://i.redd.it/0gxi1e7mnpme1.jpeg,
zltk1v,Continuons.Temps d’attente aux urgences au Québec,Manon84,Discussion,209,0.94,118,,2022-12-14T10:14:23,https://i.redd.it/rdabmkzo8x5a1.jpg,https://i.redd.it/rdabmkzo8x5a1.jpg
18uafti,J'ai décidé de démissionner de ma job de professeur. Voici pourquoi.,MERDE-AUX-VINAIGRES,,209,0.78,267,"Je suis enseignant à la CSSDM. Je vais épuiser mes congés de maladie, puis démissionner. 

Honnêtement, j'aurais dû quitter il y a longtemps. Longtemps, longtemps. Le système d'éducation est dans le trou depuis des décennies. Depuis la COVID, les trous sont pires. Vous avez pas idée. Je suis juste pu capable. 

Mais la raison finale que je quitte, c'est l'entente qu'il y a eue. J'ai des plugs dans les syndicats pis c'est... meh. En gros, très loin de ce qu'on demandait. Et je me rends compte que cest négotiations ont mené à RIEN. 22 jours de grève pour moins que l'inflation. Déjà qu'on est sous-payé comparé aux autres provinces, fuck it. I'm done.

Le gouvernement promet je sais pu combien de nouvelles aides, on sait qu'on les aura jamais. Pis leurs autres mesures d'assistance en classe, j'y crois pas. CRISSE l'an passé j'avais une classe de QUARANTE fucking élèves, pis LA MOITIÉ sur des ostis de plan d'intervention, puis la moitié de ceux-là qui devraient JAMAIS approcher une classe régulière, pis...

F it chus juste fatigué, même pu le goût d'en parler. J'ai trouvé une autre job pendant la grève pis c'est mieux. Ça paie plus pis je rentre pas frustré le soir (pas trop en tk haha). Pis c'est plus relax pis je me fais pas chier dessus par tout le monde (parents ,direction, gouvernement, syndicat apparemment).

I'm done. A moins que je me trompe pis que l'offre soit débile NO WAY que je reourne la en Janvier. Crisse on est encore en décembre pis juste l'idée d'y retourner j'ai lgout de brailler.

Joyeux noel pis  bonn année  à tous/toutes.",2023-12-30T02:52:51,https://www.reddit.com/r/QuebecLibre/comments/18uafti/jai_décidé_de_démissionner_de_ma_job_de/,
1iluhfc,"Heummm..... Walmart, ça va tu?",Smelly_Pants69,Photo,209,0.84,79,,2025-02-09T20:16:00,https://i.redd.it/ioy4atw9q7ie1.jpeg,
1bkk9fq,Une chaîne de gym perd 400 millions de dollars après avoir défendu un homme qui se rasait dans les vestiaires des femmes,Smartpen001,Culture,203,0.76,121,"Planet Fitness est dans l'eau chaude. 
Tout a commencé quand une dame avait surpris en flagrant délit un homme qui se rasait le corps dans les vestiaires des femmes, en présence d'une fille de 12 ans.

La dame, voyant la jeune fille visiblement mal à l'aise, avait confronté l'homme en question, qui lui avait répondu qu'il s'identifiait en trans/queer et qu'il avait donc le droit d'être là . Elle a alors pris une photo du suspect et est allée porter plainte à l'administration du gym, et leur a même montré la photo... MAIS le gym a preferé plutôt *défendre* l'individu trans/queer en question, avant de CANCELLER l'abonnement de la dame.

La dame a ensuite parlé de cet incident sur les réseaux sociaux.

Résultat: L'action en bourse de Planet Fitness a immédiatement chuté. L'entreprise a perdu une valeur [400M dollars.
](https://www.dailymail.co.uk/news/article-13220723/Planet-Fitness-Value-Falls-Trans-row.html)
Go woke, go broke.",2024-03-21T19:00:40,https://i.redd.it/q3uwgmmxprpc1.jpeg,
1d6dn98,Rappel mois de la fierté ,moisterbatingmoankey,Humour,207,0.85,137,"Les compagnies s'en caliss de ton orientation. Ils veulent juste ton cash. 

Il n'y as pas de plan machiavélique pour groomer qui que ce soit. Ils s'adaptent à ce qu'ils pensent que leurs clients aiment voir afin de créer un sentiment d'appartenance à leurs marques.",2024-06-02T09:45:08,https://i.redd.it/fvz3wk1dx54d1.jpeg,
1mchb5j,Tabernacle,Permaban366,Humour,202,0.85,62,,2025-07-29T13:12:56,https://i.redd.it/kg3ftc44juff1.jpeg,
1iy9ntl,Je veux juste me faire opérer aux yeux.,alexlechef,Témoignage,205,0.69,433,Genre fluide c'est tu quand ta mal au ventre ça? ,2025-02-25T18:49:32,https://i.redd.it/utzvonphhdle1.jpeg,
1ec3czg,La solution: une casquette au lieu du hijab,Smartpen001,Discussion,206,0.84,418,"La coureuse française Sylla Sounkamba s'était précedemment plaint d'avoit été retirée des Jeux Olympiques parce qu'elle portait son voile musulman.

Elle a finit par conclure une entente avec le Comité national olympique français : elle peut participer, mais n'arborant par de signe religieux. Elle pourra cacher ses cheveux comme elle le désire, mais avec une casquette au lieu du hijab.

Sylla Sounkamba participera donc à l'ouverture des JO en portant sa casquette improvisée et inspirée de l'hijab.

Est-ce là un bon ""juste milieu"" entre la laïcité française et la liberté de religion des athlètes?",2024-07-25T15:17:44,https://i.redd.it/95dj56h0tped1.jpeg,
1dm1p54,"Elle se fait couper les seins à 13 ans, et maintenant le regrette totalement",Smartpen001,Actualité,209,0.67,334,"Kayla Lovdahl, 18 ans, voulait devenir un garçon à 11 ans après avoir vu des videos ""d'influenceurs"" trans sur les réseaux sociaux. Elle souligne qu'avant de voir ces vidéos, elle souffrait déjà de problèmes de santé mentale.
Ses parents l'ont donc amenée consulter des médecins, qui au lieu de traiter les problèmes mentaux de la fillette, ont dit aux parents : ""il vaut mieux avoir un garçon en vie qu'une fille morte"", en sous-entendant que leur fille allait se suicider si elle ne changeait pas de sexe.

Kayla a donc été mise sous traitement de testostérone ET de bloqueurs de puberté à 12 ans, puis s'est fait couper les seins (double mastectomie) à 13 ans. Tout ceci après une évaluation psychologique de seulement 75 minutes. À 18 ans, elle REGRETTAIT déja profondément sa chirurgie et avait détransitionné. Elle poursuit les 4 médecins qui l'ont traitée en affirmant que l'épreuve l'a laissée avec « des blessures physiques et émotionnelles profondes ».

Elle affirme également que l'hôpital et les médecins ne lui ont pas fourni, à elle et à ses parents, un *consentement éclairé*, qui aurait donné lieu à des séances de thérapie, ce qui ne lui a jamais été offert. Ses avocats ont critiqué les procédures comme étant ""une forme insensée de maltraitance envers les enfants"". 

https://www.dailymail.co.uk/news/article-12206847/Woman-pressured-breast-removal-13-erroneous-belief-transgender-lawsuit.html",2024-06-22T14:08:14,https://i.redd.it/8sg4biajy58d1.jpeg,
1fxveaj,Un rappel que Musk est une ordure,ZeAntagonis,Actualité,204,0.68,354,,2024-10-06T20:43:14,https://i.redd.it/rbztldbwm4td1.jpeg,
1h962cq,François Legault 🤝 Donald Trump,rem_is_best_girl,Photo,203,0.81,82,,2024-12-07T19:09:48,https://i.redd.it/mk204ozqni5e1.jpeg,
1fqcsgq,Poilièvre gagne haut la main dans le reste du Canada,Smartpen001,Actualité,203,0.79,134,"Trudeau est en panique.

C'est au Québec que va se jouer la game à savoir s'il restera au pouvoir l'an prochain. Seul le Québec peut le sauver. 
Quel mensonge va-t-il encore raconter aux Québécois pour les séduire?",2024-09-26T21:47:14,https://i.redd.it/bnnzg2oxb9rd1.jpeg,
11bt0c1,Beaubien et St-Denis en 1955.,brolbo,Histoire,203,0.97,21,,2023-02-25T14:13:40,https://i.redd.it/26d02dfxdfka1.jpg,https://i.redd.it/26d02dfxdfka1.jpg
1ncrjf8,"Suis-je le seul a être choqué qu'on nomme une station de métro ""Vertières""?",Subject-Swing-4977,Opinion,201,0.76,442,"Je suis d'accord de rendre hommage à des femmes, à rendre hommage à certaines communautés qui ont contribué à Montréal et au Québec, mais une bataille sur l'indépendance d'Haiti? Ça n'a pas rapport... aucun lien avec le Québec? J'aurais opté pour quelques chose de significatif genre station ""Muzion"" ou quelque chose qui touche Montréal et le Québec. ",2025-09-09T14:53:15,https://www.reddit.com/r/QuebecLibre/comments/1ncrjf8/suisje_le_seul_a_être_choqué_quon_nomme_une/,
1jezou7,"Face à une chute sans précédent dans les sondages, on ajuste son discours. Hier, Donald Trump a habilement eu recours à la psychologie inversée en laissant entendre qu'il soutient Mark Carney. Évidemment, l'objectif réel est de tenter de se distancer de Pierre Poilievre afin de lui venir en aide.",-Mystica-,Humour,202,0.77,159,,2025-03-19T11:30:08,https://i.redd.it/tnu08yxwznpe1.jpeg,
10qchwk,Genre exactement,ZeAntagonis,Humour,200,0.9,60,,2023-01-31T17:26:34,https://i.redd.it/pafgab1kxhfa1.jpg,https://i.redd.it/pafgab1kxhfa1.jpg
1hw3zau,Ca va prendre Chrétien pour en finir avec Trump,JimJohnJimmm,Humour,200,0.94,18,,2025-01-07T17:28:47,https://i.redd.it/c6tvvt3fenbe1.jpeg,
1c045u8,Sommes-nous rendus ce peuple en question?,joery_97,Culture,201,0.84,128,,2024-04-09T17:42:48,https://i.redd.it/wngis9t9xitc1.png,https://i.redd.it/wngis9t9xitc1.png
18jc0ua,"""Un travailleur québécois payait 3,6% de RRQ de 1966 à 1986. L’an prochain, il va payer 12,8% de son revenu, soit presque 4 fois plus que ses parents ou grands-parents, pour une rente pratiquement identique en dolllars constants. C’est un véritable hold-up inter-générationnel!""",kchoze,Opinion,200,0.92,162,,2023-12-15T17:24:14,https://twitter.com/E_Duhaime/status/1735775210081529890?t=wNXFiBKWCnDpBJ87CFel1g,
x99458,Il semble y avoir deux clans de mods sur air quebec,ProjectKainy,Discussion,202,0.92,112,,2022-09-08T15:22:40,https://i.redd.it/1n09t80zqom91.png,https://i.redd.it/1n09t80zqom91.png
